Centro,Departamento,Código,Componente Curricular,CH,CT,Situação,AP,AN,RP,RN,RF,RNF,REPMF,TR,MA,ES,CA,Total,MFA
UNIVERSIDADE DE BRASÍLIA,CAMPUS UNB GAMA: FACULDADE DE CIÊNCIAS E TECNOLOGIAS EM ENGENHARIA,FGA0266,ACÚSTICA E VIBRAÇÕES VEICULARES,60,01,CONSOLIDADA,3.0 (75%),0.0 (0%),0.0 (0%),0.0 (0%),1.0 (25%),0.0 (0%),0.0 (0%),0.0 (0%),0.0 (0%),0.0 (0%),0.0 (0%),4.0,3
UNIVERSIDADE DE BRASÍLIA,CAMPUS UNB GAMA: FACULDADE DE CIÊNCIAS E TECNOLOGIAS EM ENGENHARIA,FGA0038,AERODINÂMICA DE SISTEMAS AEROESPACIAIS,75,01,CONSOLIDADA,"25.0 (92,59%)",0.0 (0%),"1.0 (3,7%)",0.0 (0%),0.0 (0%),0.0 (0%),0.0 (0%),"1.0 (3,7%)",0.0 (0%),0.0 (0%),0.0 (0%),27.0,"4,68"
UNIVERSIDADE DE BRASÍLIA,CAMPUS UNB GAMA: FACULDADE DE CIÊNCIAS E TECNOLOGIAS EM ENGENHARIA,FGA0229,ANÁLISE ESTRUTURAL MÉTODO DOS ELEMENTOS FINITOS,60,01,CONSOLIDADA,"25.0 (78,12%)",0.0 (0%),"3.0 (9,38%)",0.0 (0%),0.0 (0%),0.0 (0%),0.0 (0%),"4.0 (12,5%)",0.0 (0%),0.0 (0%),0.0 (0%),32.0,"4,96"
UNIVERSIDADE DE BRASÍLIA,CAMPUS UNB GAMA: FACULDADE DE CIÊNCIAS E TECNOLOGIAS EM ENGENHARIA,FGA0094,ANTENAS IMPRESSAS,60,01,CONSOLIDADA,"2.0 (66,67%)",0.0 (0%),0.0 (0%),0.0 (0%),0.0 (0%),0.0 (0%),0.0 (0%),"1.0 (33,33%)",0.0 (0%),0.0 (0%),0.0 (0%),3.0,4
UNIVERSIDADE DE BRASÍLIA,CAMPUS UNB GAMA: FACULDADE DE CIÊNCIAS E TECNOLOGIAS EM ENGENHARIA,FGA0083,APRENDIZADO DE MÁQUINA,60,01,CONSOLIDADA,"50.0 (84,75%)",0.0 (0%),"2.0 (3,39%)",0.0 (0%),"1.0 (1,69%)",0.0 (0%),0.0 (0%),"6.0 (10,17%)",0.0 (0%),0.0 (0%),0.0 (0%),59.0,"4,8"
UNIVERSIDADE DE BRASÍLIA,CAMPUS UNB GAMA: FACULDADE DE CIÊNCIAS E TECNOLOGIAS EM ENGENHARIA,FGA0194,ARQUITETURA DE MOTORES DE COMBUSTÃO INTERNA,60,01,CONSOLIDADA,1.0 (50%),0.0 (0%),0.0 (0%),0.0 (0%),1.0 (50%),0.0 (0%),0.0 (0%),0.0 (0%),0.0 (0%),0.0 (0%),0.0 (0%),2.0,5
UNIVERSIDADE DE BRASÍLIA,CAMPUS UNB GAMA: FACULDADE DE CIÊNCIAS E TECNOLOGIAS EM ENGENHARIA,FGA0208,ARQUITETURA E DESENHO DE SOFTWARE,60,01,CONSOLIDADA,"59.0 (86,76%)",0.0 (0%),"2.0 (2,94%)",0.0 (0%),"3.0 (4,41%)",0.0 (0%),0.0 (0%),"2.0 (2,94%)",0.0 (0%),0.0 (0%),"2.0 (2,94%)",68.0,4
UNIVERSIDADE DE BRASÍLIA,CAMPUS UNB GAMA: FACULDADE DE CIÊNCIAS E TECNOLOGIAS EM ENGENHARIA,FGA0208,ARQUITETURA E DESENHO DE SOFTWARE,60,02,CONSOLIDADA,"74.0 (92,5%)",0.0 (0%),"1.0 (1,25%)",0.0 (0%),0.0 (0%),0.0 (0%),0.0 (0%),4.0 (5%),0.0 (0%),0.0 (0%),"1.0 (1,25%)",80.0,"4,08"
UNIVERSIDADE DE BRASÍLIA,CAMPUS UNB GAMA: FACULDADE DE CIÊNCIAS E TECNOLOGIAS EM ENGENHARIA,FGA0236,BIORREFINARIAS,60,01,CONSOLIDADA,1.0 (100%),0.0 (0%),0.0 (0%),0.0 (0%),0.0 (0%),0.0 (0%),0.0 (0%),0.0 (0%),0.0 (0%),0.0 (0%),0.0 (0%),1.0,5
UNIVERSIDADE DE BRASÍLIA,CAMPUS UNB GAMA: FACULDADE DE CIÊNCIAS E TECNOLOGIAS EM ENGENHARIA,FGA0254,CIÊNCIAS AEROESPACIAIS,60,01,CONSOLIDADA,"16.0 (35,56%)",0.0 (0%),9.0 (20%),0.0 (0%),"11.0 (24,44%)",0.0 (0%),0.0 (0%),"8.0 (17,78%)",0.0 (0%),0.0 (0%),"1.0 (2,22%)",45.0,"3,5"
UNIVERSIDADE DE BRASÍLIA,CAMPUS UNB GAMA: FACULDADE DE CIÊNCIAS E TECNOLOGIAS EM ENGENHARIA,FGA0156,COMBUSTÍVEIS E BIOCOMBUSTÍVEIS,60,01,CONSOLIDADA,6.0 (100%),0.0 (0%),0.0 (0%),0.0 (0%),0.0 (0%),0.0 (0%),0.0 (0%),0.0 (0%),0.0 (0%),0.0 (0%),0.0 (0%),6.0,"4,67"
UNIVERSIDADE DE BRASÍLIA,CAMPUS UNB GAMA: FACULDADE DE CIÊNCIAS E TECNOLOGIAS EM ENGENHARIA,FGA0003,COMPILADORES 1,60,01,CONSOLIDADA,97.0 (97%),0.0 (0%),0.0 (0%),0.0 (0%),2.0 (2%),0.0 (0%),0.0 (0%),0.0 (0%),0.0 (0%),0.0 (0%),1.0 (1%),100.0,"4,31"
UNIVERSIDADE DE BRASÍLIA,CAMPUS UNB GAMA: FACULDADE DE CIÊNCIAS E TECNOLOGIAS EM ENGENHARIA,FGA0003,COMPILADORES 1,60,02,CONSOLIDADA,"70.0 (63,64%)",0.0 (0%),"17.0 (15,45%)",0.0 (0%),0.0 (0%),0.0 (0%),0.0 (0%),"17.0 (15,45%)",0.0 (0%),0.0 (0%),"6.0 (5,45%)",110.0,"4,13"
UNIVERSIDADE DE BRASÍLIA,CAMPUS UNB GAMA: FACULDADE DE CIÊNCIAS E TECNOLOGIAS EM ENGENHARIA,FGA0003,COMPILADORES 1,60,03,CONSOLIDADA,"76.0 (71,03%)",0.0 (0%),"16.0 (14,95%)",0.0 (0%),0.0 (0%),0.0 (0%),0.0 (0%),"11.0 (10,28%)",0.0 (0%),0.0 (0%),"4.0 (3,74%)",107.0,"4,12"
UNIVERSIDADE DE BRASÍLIA,CAMPUS UNB GAMA: FACULDADE DE CIÊNCIAS E TECNOLOGIAS EM ENGENHARIA,FGA0168,DESENHO INDUSTRIAL ASSISTIDO POR COMPUTADOR,90,02,CONSOLIDADA,"44.0 (62,86%)",0.0 (0%),"12.0 (17,14%)",0.0 (0%),0.0 (0%),0.0 (0%),0.0 (0%),"4.0 (5,71%)",0.0 (0%),0.0 (0%),"4.0 (5,71%)",70.0,"3,55"
UNIVERSIDADE DE BRASÍLIA,CAMPUS UNB GAMA: FACULDADE DE CIÊNCIAS E TECNOLOGIAS EM ENGENHARIA,FGA0168,DESENHO INDUSTRIAL ASSISTIDO POR COMPUTADOR,90,05,CONSOLIDADA,"29.0 (39,73%)",0.0 (0%),"21.0 (28,77%)",0.0 (0%),"6.0 (8,22%)",0.0 (0%),0.0 (0%),"8.0 (10,96%)",0.0 (0%),0.0 (0%),"4.0 (5,48%)",73.0,"3,66"
UNIVERSIDADE DE BRASÍLIA,CAMPUS UNB GAMA: FACULDADE DE CIÊNCIAS E TECNOLOGIAS EM ENGENHARIA,FGA0168,DESENHO INDUSTRIAL ASSISTIDO POR COMPUTADOR,90,06,CONSOLIDADA,"59.0 (75,64%)",0.0 (0%),"10.0 (12,82%)",0.0 (0%),0.0 (0%),0.0 (0%),0.0 (0%),"4.0 (5,13%)",0.0 (0%),0.0 (0%),"5.0 (6,41%)",78.0,"3,9"
UNIVERSIDADE DE BRASÍLIA,CAMPUS UNB GAMA: FACULDADE DE CIÊNCIAS E TECNOLOGIAS EM ENGENHARIA,FGA0168,DESENHO INDUSTRIAL ASSISTIDO POR COMPUTADOR,90,01,CONSOLIDADA,"55.0 (64,71%)",0.0 (0%),"13.0 (15,29%)",0.0 (0%),"4.0 (4,71%)",0.0 (0%),0.0 (0%),"3.0 (3,53%)",0.0 (0%),0.0 (0%),"5.0 (5,88%)",85.0,"3,85"
UNIVERSIDADE DE BRASÍLIA,CAMPUS UNB GAMA: FACULDADE DE CIÊNCIAS E TECNOLOGIAS EM ENGENHARIA,FGA0168,DESENHO INDUSTRIAL ASSISTIDO POR COMPUTADOR,90,04,CONSOLIDADA,"53.0 (71,62%)",0.0 (0%),"4.0 (5,41%)",0.0 (0%),"8.0 (10,81%)",0.0 (0%),0.0 (0%),"2.0 (2,7%)",0.0 (0%),0.0 (0%),"2.0 (2,7%)",74.0,"4,25"
UNIVERSIDADE DE BRASÍLIA,CAMPUS UNB GAMA: FACULDADE DE CIÊNCIAS E TECNOLOGIAS EM ENGENHARIA,FGA0174,DESENVOLVIMENTO SUSTENTÁVEL,60,01,CONSOLIDADA,"10.0 (52,63%)",0.0 (0%),0.0 (0%),0.0 (0%),0.0 (0%),0.0 (0%),0.0 (0%),"6.0 (31,58%)",0.0 (0%),0.0 (0%),"2.0 (10,53%)",19.0,4
UNIVERSIDADE DE BRASÍLIA,CAMPUS UNB GAMA: FACULDADE DE CIÊNCIAS E TECNOLOGIAS EM ENGENHARIA,FGA0050,DINÂMICA DE ESTRUTURAS AEROESPACIAIS,60,01,CONSOLIDADA,"32.0 (88,89%)",0.0 (0%),0.0 (0%),0.0 (0%),"3.0 (8,33%)",0.0 (0%),0.0 (0%),0.0 (0%),0.0 (0%),0.0 (0%),"1.0 (2,78%)",36.0,"3,44"
UNIVERSIDADE DE BRASÍLIA,CAMPUS UNB GAMA: FACULDADE DE CIÊNCIAS E TECNOLOGIAS EM ENGENHARIA,FGA0230,DINÂMICA DE VEÍCULOS,60,01,CONSOLIDADA,4.0 (80%),0.0 (0%),0.0 (0%),0.0 (0%),1.0 (20%),0.0 (0%),0.0 (0%),0.0 (0%),0.0 (0%),0.0 (0%),0.0 (0%),5.0,"3,25"
UNIVERSIDADE DE BRASÍLIA,CAMPUS UNB GAMA: FACULDADE DE CIÊNCIAS E TECNOLOGIAS EM ENGENHARIA,FGA0204,DINÂMICA DOS FLUÍDOS,75,01,CONSOLIDADA,"14.0 (58,33%)",0.0 (0%),"8.0 (33,33%)",0.0 (0%),0.0 (0%),0.0 (0%),0.0 (0%),"1.0 (4,17%)",0.0 (0%),0.0 (0%),"1.0 (4,17%)",24.0,"3,43"
UNIVERSIDADE DE BRASÍLIA,CAMPUS UNB GAMA: FACULDADE DE CIÊNCIAS E TECNOLOGIAS EM ENGENHARIA,FGA0204,DINÂMICA DOS FLUÍDOS,75,02,CONSOLIDADA,21.0 (84%),0.0 (0%),2.0 (8%),0.0 (0%),1.0 (4%),0.0 (0%),0.0 (0%),1.0 (4%),0.0 (0%),0.0 (0%),0.0 (0%),25.0,"3,52"
UNIVERSIDADE DE BRASÍLIA,CAMPUS UNB GAMA: FACULDADE DE CIÊNCIAS E TECNOLOGIAS EM ENGENHARIA,FGA0043,DINÂMICA DOS GASES PARA SISTEMAS AEROESPACIAIS,60,01,CONSOLIDADA,"13.0 (76,47%)",0.0 (0%),"3.0 (17,65%)",0.0 (0%),0.0 (0%),0.0 (0%),0.0 (0%),"1.0 (5,88%)",0.0 (0%),0.0 (0%),0.0 (0%),17.0,"4,23"
UNIVERSIDADE DE BRASÍLIA,CAMPUS UNB GAMA: FACULDADE DE CIÊNCIAS E TECNOLOGIAS EM ENGENHARIA,FGA0023,DINÂMICA DOS MECANISMOS,60,01,CONSOLIDADA,"4.0 (66,67%)",0.0 (0%),0.0 (0%),0.0 (0%),0.0 (0%),0.0 (0%),0.0 (0%),"2.0 (33,33%)",0.0 (0%),0.0 (0%),0.0 (0%),6.0,"3,75"
UNIVERSIDADE DE BRASÍLIA,CAMPUS UNB GAMA: FACULDADE DE CIÊNCIAS E TECNOLOGIAS EM ENGENHARIA,FGA0265,ECONOMIA DE ENERGIA,60,01,CONSOLIDADA,"36.0 (67,92%)",0.0 (0%),0.0 (0%),0.0 (0%),"2.0 (3,77%)",0.0 (0%),0.0 (0%),"15.0 (28,3%)",0.0 (0%),0.0 (0%),0.0 (0%),53.0,"4,5"
UNIVERSIDADE DE BRASÍLIA,CAMPUS UNB GAMA: FACULDADE DE CIÊNCIAS E TECNOLOGIAS EM ENGENHARIA,FGA0122,EFICIÊNCIA ENERGÉTICA EM INSTALAÇÕES ELÉTRICAS INDUSTRIAIS,60,01,CONSOLIDADA,5.0 (100%),0.0 (0%),0.0 (0%),0.0 (0%),0.0 (0%),0.0 (0%),0.0 (0%),0.0 (0%),0.0 (0%),0.0 (0%),0.0 (0%),5.0,"3,8"
UNIVERSIDADE DE BRASÍLIA,CAMPUS UNB GAMA: FACULDADE DE CIÊNCIAS E TECNOLOGIAS EM ENGENHARIA,FGA0166,ELEMENTOS E MÉTODOS EM ELETRÔNICA,60,01,CONSOLIDADA,"18.0 (78,26%)",0.0 (0%),"2.0 (8,7%)",0.0 (0%),0.0 (0%),0.0 (0%),0.0 (0%),"3.0 (13,04%)",0.0 (0%),0.0 (0%),0.0 (0%),23.0,"3,89"
UNIVERSIDADE DE BRASÍLIA,CAMPUS UNB GAMA: FACULDADE DE CIÊNCIAS E TECNOLOGIAS EM ENGENHARIA,FGA0097,ELETRÔNICA DE RÁDIO FREQUÊNCIA,60,01,CONSOLIDADA,12.0 (80%),0.0 (0%),"2.0 (13,33%)",0.0 (0%),0.0 (0%),0.0 (0%),0.0 (0%),"1.0 (6,67%)",0.0 (0%),0.0 (0%),0.0 (0%),15.0,"3,75"
UNIVERSIDADE DE BRASÍLIA,CAMPUS UNB GAMA: FACULDADE DE CIÊNCIAS E TECNOLOGIAS EM ENGENHARIA,FGA0308,ELETRÔNICA EMBARCADA,90,01,CONSOLIDADA,"8.0 (53,33%)",0.0 (0%),"2.0 (13,33%)",0.0 (0%),0.0 (0%),0.0 (0%),0.0 (0%),"5.0 (33,33%)",0.0 (0%),0.0 (0%),0.0 (0%),15.0,"3,38"
UNIVERSIDADE DE BRASÍLIA,CAMPUS UNB GAMA: FACULDADE DE CIÊNCIAS E TECNOLOGIAS EM ENGENHARIA,FGA0226,ELETRÔNICA VEICULAR,60,01,CONSOLIDADA,6.0 (50%),0.0 (0%),"5.0 (41,67%)",0.0 (0%),0.0 (0%),0.0 (0%),0.0 (0%),"1.0 (8,33%)",0.0 (0%),0.0 (0%),0.0 (0%),12.0,"3,17"
UNIVERSIDADE DE BRASÍLIA,CAMPUS UNB GAMA: FACULDADE DE CIÊNCIAS E TECNOLOGIAS EM ENGENHARIA,FGA0175,ENGENHARIA DE PETRÓLEO E GÁS,60,01,CONSOLIDADA,8.0 (80%),0.0 (0%),2.0 (20%),0.0 (0%),0.0 (0%),0.0 (0%),0.0 (0%),0.0 (0%),0.0 (0%),0.0 (0%),0.0 (0%),10.0,"3,12"
UNIVERSIDADE DE BRASÍLIA,CAMPUS UNB GAMA: FACULDADE DE CIÊNCIAS E TECNOLOGIAS EM ENGENHARIA,FGA0316,ENGENHARIA DE PRODUTO DE SOFTWARE,60,01,CONSOLIDADA,"12.0 (85,71%)",0.0 (0%),"1.0 (7,14%)",0.0 (0%),0.0 (0%),0.0 (0%),0.0 (0%),0.0 (0%),0.0 (0%),0.0 (0%),0.0 (0%),14.0,"4,33"
UNIVERSIDADE DE BRASÍLIA,CAMPUS UNB GAMA: FACULDADE DE CIÊNCIAS E TECNOLOGIAS EM ENGENHARIA,FGA0316,ENGENHARIA DE PRODUTO DE SOFTWARE,60,02,CONSOLIDADA,50.0 (100%),0.0 (0%),0.0 (0%),0.0 (0%),0.0 (0%),0.0 (0%),0.0 (0%),0.0 (0%),0.0 (0%),0.0 (0%),0.0 (0%),50.0,"4,2"
UNIVERSIDADE DE BRASÍLIA,CAMPUS UNB GAMA: FACULDADE DE CIÊNCIAS E TECNOLOGIAS EM ENGENHARIA,FGA0148,ENGENHARIA DE SEGURANÇA DO TRABALHO,30,01,CONSOLIDADA,"53.0 (76,81%)",0.0 (0%),0.0 (0%),0.0 (0%),"4.0 (5,8%)",0.0 (0%),0.0 (0%),"10.0 (14,49%)",0.0 (0%),0.0 (0%),"2.0 (2,9%)",69.0,"4,23"
UNIVERSIDADE DE BRASÍLIA,CAMPUS UNB GAMA: FACULDADE DE CIÊNCIAS E TECNOLOGIAS EM ENGENHARIA,FGA0148,ENGENHARIA DE SEGURANÇA DO TRABALHO,30,02,CONSOLIDADA,"71.0 (68,93%)",0.0 (0%),"1.0 (0,97%)",0.0 (0%),"6.0 (5,83%)",0.0 (0%),0.0 (0%),"16.0 (15,53%)",0.0 (0%),0.0 (0%),"7.0 (6,8%)",103.0,"4,42"
UNIVERSIDADE DE BRASÍLIA,CAMPUS UNB GAMA: FACULDADE DE CIÊNCIAS E TECNOLOGIAS EM ENGENHARIA,FGA0131,ENGENHARIA DE SOFTWARE AUTOMOTIVO,60,01,CONSOLIDADA,0.0 (0%),0.0 (0%),1.0 (25%),0.0 (0%),0.0 (0%),0.0 (0%),0.0 (0%),3.0 (75%),0.0 (0%),0.0 (0%),0.0 (0%),4.0,�
UNIVERSIDADE DE BRASÍLIA,CAMPUS UNB GAMA: FACULDADE DE CIÊNCIAS E TECNOLOGIAS EM ENGENHARIA,FGA0302,ENGENHARIA E AMBIENTE,60,01,CONSOLIDADA,"104.0 (69,33%)",0.0 (0%),"13.0 (8,67%)",0.0 (0%),"10.0 (6,67%)",0.0 (0%),0.0 (0%),6.0 (4%),0.0 (0%),0.0 (0%),"5.0 (3,33%)",150.0,"3,21"
UNIVERSIDADE DE BRASÍLIA,CAMPUS UNB GAMA: FACULDADE DE CIÊNCIAS E TECNOLOGIAS EM ENGENHARIA,FGA0302,ENGENHARIA E AMBIENTE,60,02,CONSOLIDADA,"95.0 (83,33%)",0.0 (0%),"7.0 (6,14%)",0.0 (0%),0.0 (0%),0.0 (0%),0.0 (0%),"5.0 (4,39%)",0.0 (0%),0.0 (0%),"3.0 (2,63%)",114.0,"4,4"
UNIVERSIDADE DE BRASÍLIA,CAMPUS UNB GAMA: FACULDADE DE CIÊNCIAS E TECNOLOGIAS EM ENGENHARIA,FGA0302,ENGENHARIA E AMBIENTE,60,03,CONSOLIDADA,"101.0 (73,72%)",0.0 (0%),"4.0 (2,92%)",0.0 (0%),"10.0 (7,3%)",0.0 (0%),0.0 (0%),"5.0 (3,65%)",0.0 (0%),0.0 (0%),"9.0 (6,57%)",137.0,"4,44"
UNIVERSIDADE DE BRASÍLIA,CAMPUS UNB GAMA: FACULDADE DE CIÊNCIAS E TECNOLOGIAS EM ENGENHARIA,FGA0133,ENGENHARIA ECONÔMICA,60,02,CONSOLIDADA,"82.0 (61,65%)",0.0 (0%),"39.0 (29,32%)",0.0 (0%),"1.0 (0,75%)",0.0 (0%),0.0 (0%),"9.0 (6,77%)",0.0 (0%),0.0 (0%),"1.0 (0,75%)",133.0,"3,65"
UNIVERSIDADE DE BRASÍLIA,CAMPUS UNB GAMA: FACULDADE DE CIÊNCIAS E TECNOLOGIAS EM ENGENHARIA,FGA0133,ENGENHARIA ECONÔMICA,60,01,CONSOLIDADA,"152.0 (91,02%)",0.0 (0%),"2.0 (1,2%)",0.0 (0%),0.0 (0%),0.0 (0%),0.0 (0%),"4.0 (2,4%)",0.0 (0%),0.0 (0%),"2.0 (1,2%)",167.0,"4,45"
UNIVERSIDADE DE BRASÍLIA,CAMPUS UNB GAMA: FACULDADE DE CIÊNCIAS E TECNOLOGIAS EM ENGENHARIA,FGA0076,EQUIPAMENTOS TERMOFLUIDOS AUTOMOTIVOS,60,01,CONSOLIDADA,3.0 (75%),0.0 (0%),0.0 (0%),0.0 (0%),0.0 (0%),0.0 (0%),0.0 (0%),0.0 (0%),0.0 (0%),0.0 (0%),1.0 (25%),4.0,"4,33"
UNIVERSIDADE DE BRASÍLIA,CAMPUS UNB GAMA: FACULDADE DE CIÊNCIAS E TECNOLOGIAS EM ENGENHARIA,FGA0152,ERGONOMIA DO PRODUTO,60,01,CONSOLIDADA,3.0 (100%),0.0 (0%),0.0 (0%),0.0 (0%),0.0 (0%),0.0 (0%),0.0 (0%),0.0 (0%),0.0 (0%),0.0 (0%),0.0 (0%),3.0,5
UNIVERSIDADE DE BRASÍLIA,CAMPUS UNB GAMA: FACULDADE DE CIÊNCIAS E TECNOLOGIAS EM ENGENHARIA,FGA0146,ESTRUTURAS DE DADOS 1,60,01,CONSOLIDADA,"71.0 (79,78%)",0.0 (0%),"6.0 (6,74%)",0.0 (0%),"3.0 (3,37%)",0.0 (0%),0.0 (0%),"7.0 (7,87%)",0.0 (0%),0.0 (0%),"2.0 (2,25%)",89.0,"3,45"
UNIVERSIDADE DE BRASÍLIA,CAMPUS UNB GAMA: FACULDADE DE CIÊNCIAS E TECNOLOGIAS EM ENGENHARIA,FGA0146,ESTRUTURAS DE DADOS 1,60,02,CONSOLIDADA,"68.0 (53,54%)",0.0 (0%),"36.0 (28,35%)",0.0 (0%),"13.0 (10,24%)",0.0 (0%),0.0 (0%),"8.0 (6,3%)",0.0 (0%),0.0 (0%),"2.0 (1,57%)",127.0,"3,18"
UNIVERSIDADE DE BRASÍLIA,CAMPUS UNB GAMA: FACULDADE DE CIÊNCIAS E TECNOLOGIAS EM ENGENHARIA,FGA0030,ESTRUTURAS DE DADOS 2,60,01,CONSOLIDADA,"57.0 (44,19%)",0.0 (0%),"23.0 (17,83%)",0.0 (0%),"11.0 (8,53%)",0.0 (0%),0.0 (0%),"35.0 (27,13%)",0.0 (0%),0.0 (0%),"3.0 (2,33%)",129.0,"3,25"
UNIVERSIDADE DE BRASÍLIA,CAMPUS UNB GAMA: FACULDADE DE CIÊNCIAS E TECNOLOGIAS EM ENGENHARIA,FGA0320,FELICIDADE,60,01,CONSOLIDADA,"109.0 (74,66%)",0.0 (0%),"13.0 (8,9%)",0.0 (0%),0.0 (0%),0.0 (0%),0.0 (0%),"11.0 (7,53%)",0.0 (0%),0.0 (0%),"10.0 (6,85%)",146.0,"4,98"
UNIVERSIDADE DE BRASÍLIA,CAMPUS UNB GAMA: FACULDADE DE CIÊNCIAS E TECNOLOGIAS EM ENGENHARIA,FGA0169,FONTES DE ENERGIA E TECNOLOGIAS DE CONVERSÃO,60,01,CONSOLIDADA,"54.0 (91,53%)",0.0 (0%),"5.0 (8,47%)",0.0 (0%),0.0 (0%),0.0 (0%),0.0 (0%),0.0 (0%),0.0 (0%),0.0 (0%),0.0 (0%),59.0,5
UNIVERSIDADE DE BRASÍLIA,CAMPUS UNB GAMA: FACULDADE DE CIÊNCIAS E TECNOLOGIAS EM ENGENHARIA,FGA0142,FUNDAMENTOS DE ARQUITETURA DE COMPUTADORES,60,01,CONSOLIDADA,"52.0 (44,07%)",0.0 (0%),"26.0 (22,03%)",0.0 (0%),"29.0 (24,58%)",0.0 (0%),0.0 (0%),"9.0 (7,63%)",0.0 (0%),0.0 (0%),"1.0 (0,85%)",118.0,"3,38"
UNIVERSIDADE DE BRASÍLIA,CAMPUS UNB GAMA: FACULDADE DE CIÊNCIAS E TECNOLOGIAS EM ENGENHARIA,FGA0142,FUNDAMENTOS DE ARQUITETURA DE COMPUTADORES,60,02,CONSOLIDADA,"50.0 (62,5%)",0.0 (0%),12.0 (15%),0.0 (0%),8.0 (10%),0.0 (0%),0.0 (0%),8.0 (10%),0.0 (0%),0.0 (0%),"2.0 (2,5%)",80.0,"3,5"
UNIVERSIDADE DE BRASÍLIA,CAMPUS UNB GAMA: FACULDADE DE CIÊNCIAS E TECNOLOGIAS EM ENGENHARIA,FGA0006,FUNDAMENTOS DE EQUAÇÕES DIFERENCIAIS PARA ENGENHARIA,60,01,CONSOLIDADA,"21.0 (56,76%)",0.0 (0%),"5.0 (13,51%)",0.0 (0%),"3.0 (8,11%)",0.0 (0%),0.0 (0%),"8.0 (21,62%)",0.0 (0%),0.0 (0%),0.0 (0%),37.0,"3,95"
UNIVERSIDADE DE BRASÍLIA,CAMPUS UNB GAMA: FACULDADE DE CIÊNCIAS E TECNOLOGIAS EM ENGENHARIA,FGA0211,FUNDAMENTOS DE REDES DE COMPUTADORES,60,01,CONSOLIDADA,"70.0 (93,33%)",0.0 (0%),"2.0 (2,67%)",0.0 (0%),0.0 (0%),0.0 (0%),0.0 (0%),"1.0 (1,33%)",0.0 (0%),0.0 (0%),"2.0 (2,67%)",75.0,"4,23"
UNIVERSIDADE DE BRASÍLIA,CAMPUS UNB GAMA: FACULDADE DE CIÊNCIAS E TECNOLOGIAS EM ENGENHARIA,FGA0211,FUNDAMENTOS DE REDES DE COMPUTADORES,60,02,CONSOLIDADA,69.0 (92%),0.0 (0%),"4.0 (5,33%)",0.0 (0%),0.0 (0%),0.0 (0%),0.0 (0%),"1.0 (1,33%)",0.0 (0%),0.0 (0%),"1.0 (1,33%)",75.0,"3,96"
UNIVERSIDADE DE BRASÍLIA,CAMPUS UNB GAMA: FACULDADE DE CIÊNCIAS E TECNOLOGIAS EM ENGENHARIA,FGA0109,FUNDAMENTOS DE SISTEMAS EMBARCADOS,60,01,CONSOLIDADA,"63.0 (78,75%)",0.0 (0%),"9.0 (11,25%)",0.0 (0%),0.0 (0%),0.0 (0%),0.0 (0%),4.0 (5%),0.0 (0%),0.0 (0%),4.0 (5%),80.0,"4,05"
UNIVERSIDADE DE BRASÍLIA,CAMPUS UNB GAMA: FACULDADE DE CIÊNCIAS E TECNOLOGIAS EM ENGENHARIA,FGA0170,FUNDAMENTOS DE SISTEMAS OPERACIONAIS,60,01,CONSOLIDADA,"114.0 (87,02%)",0.0 (0%),"11.0 (8,4%)",0.0 (0%),"1.0 (0,76%)",0.0 (0%),0.0 (0%),"4.0 (3,05%)",0.0 (0%),0.0 (0%),0.0 (0%),131.0,"3,32"
UNIVERSIDADE DE BRASÍLIA,CAMPUS UNB GAMA: FACULDADE DE CIÊNCIAS E TECNOLOGIAS EM ENGENHARIA,FCTE0001,FUNDAMENTOS LÓGICOS DE INTELIGÊNCIA ARTIFICIAL,60,01,CONSOLIDADA,"14.0 (36,84%)",0.0 (0%),"1.0 (2,63%)",0.0 (0%),0.0 (0%),0.0 (0%),0.0 (0%),"21.0 (55,26%)",0.0 (0%),0.0 (0%),"1.0 (2,63%)",38.0,4
UNIVERSIDADE DE BRASÍLIA,CAMPUS UNB GAMA: FACULDADE DE CIÊNCIAS E TECNOLOGIAS EM ENGENHARIA,FGA0317,GERÊNCIA DE CONFIGURAÇÃO E EVOLUÇÃO DE SOFTWARE,60,01,CONSOLIDADA,"70.0 (87,5%)",0.0 (0%),"7.0 (8,75%)",0.0 (0%),0.0 (0%),0.0 (0%),0.0 (0%),0.0 (0%),0.0 (0%),0.0 (0%),"3.0 (3,75%)",80.0,"4,43"
UNIVERSIDADE DE BRASÍLIA,CAMPUS UNB GAMA: FACULDADE DE CIÊNCIAS E TECNOLOGIAS EM ENGENHARIA,FGA0317,GERÊNCIA DE CONFIGURAÇÃO E EVOLUÇÃO DE SOFTWARE,60,02,CONSOLIDADA,"55.0 (70,51%)",0.0 (0%),"14.0 (17,95%)",0.0 (0%),0.0 (0%),0.0 (0%),0.0 (0%),"6.0 (7,69%)",0.0 (0%),0.0 (0%),"3.0 (3,85%)",78.0,"3,75"
UNIVERSIDADE DE BRASÍLIA,CAMPUS UNB GAMA: FACULDADE DE CIÊNCIAS E TECNOLOGIAS EM ENGENHARIA,FGA0141,GESTÃO AMBIENTAL NO SETOR ENERGÉTICO,60,01,CONSOLIDADA,"16.0 (76,19%)",0.0 (0%),"1.0 (4,76%)",0.0 (0%),"2.0 (9,52%)",0.0 (0%),0.0 (0%),"2.0 (9,52%)",0.0 (0%),0.0 (0%),0.0 (0%),21.0,"4,06"
UNIVERSIDADE DE BRASÍLIA,CAMPUS UNB GAMA: FACULDADE DE CIÊNCIAS E TECNOLOGIAS EM ENGENHARIA,FGA0307,GESTÃO DA PRODUÇÃO E QUALIDADE,60,01,CONSOLIDADA,"58.0 (79,45%)",0.0 (0%),"6.0 (8,22%)",0.0 (0%),0.0 (0%),0.0 (0%),0.0 (0%),"5.0 (6,85%)",0.0 (0%),0.0 (0%),"3.0 (4,11%)",73.0,"4,31"
UNIVERSIDADE DE BRASÍLIA,CAMPUS UNB GAMA: FACULDADE DE CIÊNCIAS E TECNOLOGIAS EM ENGENHARIA,FGA0307,GESTÃO DA PRODUÇÃO E QUALIDADE,60,02,CONSOLIDADA,"103.0 (87,29%)",0.0 (0%),"4.0 (3,39%)",0.0 (0%),"1.0 (0,85%)",0.0 (0%),0.0 (0%),"9.0 (7,63%)",0.0 (0%),0.0 (0%),0.0 (0%),118.0,"4,72"
UNIVERSIDADE DE BRASÍLIA,CAMPUS UNB GAMA: FACULDADE DE CIÊNCIAS E TECNOLOGIAS EM ENGENHARIA,FGA0164,HUMANIDADES E CIDADANIA,60,01,CONSOLIDADA,"16.0 (69,57%)",0.0 (0%),0.0 (0%),0.0 (0%),"2.0 (8,7%)",0.0 (0%),0.0 (0%),"2.0 (8,7%)",0.0 (0%),0.0 (0%),"2.0 (8,7%)",23.0,"4,44"
UNIVERSIDADE DE BRASÍLIA,CAMPUS UNB GAMA: FACULDADE DE CIÊNCIAS E TECNOLOGIAS EM ENGENHARIA,FGA0164,HUMANIDADES E CIDADANIA,60,02,CONSOLIDADA,"79.0 (75,96%)",0.0 (0%),0.0 (0%),0.0 (0%),"4.0 (3,85%)",0.0 (0%),0.0 (0%),"10.0 (9,62%)",0.0 (0%),0.0 (0%),"8.0 (7,69%)",104.0,"3,92"
UNIVERSIDADE DE BRASÍLIA,CAMPUS UNB GAMA: FACULDADE DE CIÊNCIAS E TECNOLOGIAS EM ENGENHARIA,FGA0164,HUMANIDADES E CIDADANIA,60,03,CONSOLIDADA,91.0 (91%),0.0 (0%),0.0 (0%),0.0 (0%),2.0 (2%),0.0 (0%),0.0 (0%),5.0 (5%),0.0 (0%),0.0 (0%),2.0 (2%),100.0,"4,76"
UNIVERSIDADE DE BRASÍLIA,CAMPUS UNB GAMA: FACULDADE DE CIÊNCIAS E TECNOLOGIAS EM ENGENHARIA,FGA0164,HUMANIDADES E CIDADANIA,60,04,CONSOLIDADA,"73.0 (77,66%)",0.0 (0%),0.0 (0%),0.0 (0%),"7.0 (7,45%)",0.0 (0%),0.0 (0%),"8.0 (8,51%)",0.0 (0%),0.0 (0%),"5.0 (5,32%)",94.0,"4,59"
UNIVERSIDADE DE BRASÍLIA,CAMPUS UNB GAMA: FACULDADE DE CIÊNCIAS E TECNOLOGIAS EM ENGENHARIA,FGA0301,INSTALAÇÕES ELÉTRICAS EM SISTEMAS DE ENERGIA,60,01,CONSOLIDADA,"5.0 (71,43%)",0.0 (0%),"1.0 (14,29%)",0.0 (0%),0.0 (0%),0.0 (0%),0.0 (0%),"1.0 (14,29%)",0.0 (0%),0.0 (0%),0.0 (0%),7.0,5
UNIVERSIDADE DE BRASÍLIA,CAMPUS UNB GAMA: FACULDADE DE CIÊNCIAS E TECNOLOGIAS EM ENGENHARIA,FGA0132,INSTRUMENTAÇÃO ELETRÔNICA PARA ENGENHARIA,60,01,CONSOLIDADA,"13.0 (92,86%)",0.0 (0%),0.0 (0%),0.0 (0%),0.0 (0%),0.0 (0%),0.0 (0%),"1.0 (7,14%)",0.0 (0%),0.0 (0%),0.0 (0%),14.0,"3,54"
UNIVERSIDADE DE BRASÍLIA,CAMPUS UNB GAMA: FACULDADE DE CIÊNCIAS E TECNOLOGIAS EM ENGENHARIA,FGA0232,INTEGRAÇÃO E TESTES,60,01,CONSOLIDADA,1.0 (50%),0.0 (0%),1.0 (50%),0.0 (0%),0.0 (0%),0.0 (0%),0.0 (0%),0.0 (0%),0.0 (0%),0.0 (0%),0.0 (0%),2.0,3
UNIVERSIDADE DE BRASÍLIA,CAMPUS UNB GAMA: FACULDADE DE CIÊNCIAS E TECNOLOGIAS EM ENGENHARIA,FGA0221,INTELIGÊNCIA ARTIFICIAL,60,01,CONSOLIDADA,"38.0 (64,41%)",0.0 (0%),"7.0 (11,86%)",0.0 (0%),0.0 (0%),0.0 (0%),0.0 (0%),"7.0 (11,86%)",0.0 (0%),0.0 (0%),"5.0 (8,47%)",59.0,"4,08"
UNIVERSIDADE DE BRASÍLIA,CAMPUS UNB GAMA: FACULDADE DE CIÊNCIAS E TECNOLOGIAS EM ENGENHARIA,FGA0173,INTERAÇÃO HUMANO COMPUTADOR,60,01,CONSOLIDADA,"33.0 (94,29%)",0.0 (0%),0.0 (0%),0.0 (0%),0.0 (0%),0.0 (0%),0.0 (0%),"2.0 (5,71%)",0.0 (0%),0.0 (0%),0.0 (0%),35.0,"4,42"
UNIVERSIDADE DE BRASÍLIA,CAMPUS UNB GAMA: FACULDADE DE CIÊNCIAS E TECNOLOGIAS EM ENGENHARIA,FGA0173,INTERAÇÃO HUMANO COMPUTADOR,60,02,CONSOLIDADA,45.0 (90%),0.0 (0%),0.0 (0%),0.0 (0%),0.0 (0%),0.0 (0%),0.0 (0%),1.0 (2%),0.0 (0%),0.0 (0%),2.0 (4%),50.0,"4,53"
UNIVERSIDADE DE BRASÍLIA,CAMPUS UNB GAMA: FACULDADE DE CIÊNCIAS E TECNOLOGIAS EM ENGENHARIA,FGA0173,INTERAÇÃO HUMANO COMPUTADOR,60,04,CONSOLIDADA,"59.0 (96,72%)",0.0 (0%),0.0 (0%),0.0 (0%),0.0 (0%),0.0 (0%),0.0 (0%),"1.0 (1,64%)",0.0 (0%),0.0 (0%),0.0 (0%),61.0,"4,81"
UNIVERSIDADE DE BRASÍLIA,CAMPUS UNB GAMA: FACULDADE DE CIÊNCIAS E TECNOLOGIAS EM ENGENHARIA,FGA0163,INTRODUÇÃO À ENGENHARIA,30,01,CONSOLIDADA,"119.0 (76,77%)",0.0 (0%),"1.0 (0,65%)",0.0 (0%),"12.0 (7,74%)",0.0 (0%),0.0 (0%),"1.0 (0,65%)",0.0 (0%),0.0 (0%),"6.0 (3,87%)",155.0,5
UNIVERSIDADE DE BRASÍLIA,CAMPUS UNB GAMA: FACULDADE DE CIÊNCIAS E TECNOLOGIAS EM ENGENHARIA,FGA0163,INTRODUÇÃO À ENGENHARIA,30,02,CONSOLIDADA,"71.0 (77,17%)",0.0 (0%),"1.0 (1,09%)",0.0 (0%),"11.0 (11,96%)",0.0 (0%),0.0 (0%),"1.0 (1,09%)",0.0 (0%),0.0 (0%),"6.0 (6,52%)",92.0,"4,54"
UNIVERSIDADE DE BRASÍLIA,CAMPUS UNB GAMA: FACULDADE DE CIÊNCIAS E TECNOLOGIAS EM ENGENHARIA,FGA0163,INTRODUÇÃO À ENGENHARIA,30,03,CONSOLIDADA,"73.0 (67,59%)",0.0 (0%),"5.0 (4,63%)",0.0 (0%),"8.0 (7,41%)",0.0 (0%),0.0 (0%),"6.0 (5,56%)",0.0 (0%),0.0 (0%),"8.0 (7,41%)",108.0,4
UNIVERSIDADE DE BRASÍLIA,CAMPUS UNB GAMA: FACULDADE DE CIÊNCIAS E TECNOLOGIAS EM ENGENHARIA,FGA0285,INTRODUÇÃO À MECÂNICA DA FRATURA,60,01,CONSOLIDADA,5.0 (100%),0.0 (0%),0.0 (0%),0.0 (0%),0.0 (0%),0.0 (0%),0.0 (0%),0.0 (0%),0.0 (0%),0.0 (0%),0.0 (0%),5.0,4
UNIVERSIDADE DE BRASÍLIA,CAMPUS UNB GAMA: FACULDADE DE CIÊNCIAS E TECNOLOGIAS EM ENGENHARIA,FGA0077,INTRODUÇÃO AO DESGASTE,60,01,CONSOLIDADA,"2.0 (66,67%)",0.0 (0%),"1.0 (33,33%)",0.0 (0%),0.0 (0%),0.0 (0%),0.0 (0%),0.0 (0%),0.0 (0%),0.0 (0%),0.0 (0%),3.0,"3,5"
UNIVERSIDADE DE BRASÍLIA,CAMPUS UNB GAMA: FACULDADE DE CIÊNCIAS E TECNOLOGIAS EM ENGENHARIA,FGA0155,INTRODUÇÃO AO DESIGN E CONCEPÇÃO DE VEÍCULOS,60,01,CONSOLIDADA,"9.0 (37,5%)",0.0 (0%),0.0 (0%),0.0 (0%),"1.0 (4,17%)",0.0 (0%),0.0 (0%),"11.0 (45,83%)",0.0 (0%),0.0 (0%),"3.0 (12,5%)",24.0,"4,22"
UNIVERSIDADE DE BRASÍLIA,CAMPUS UNB GAMA: FACULDADE DE CIÊNCIAS E TECNOLOGIAS EM ENGENHARIA,FGA0087,LABORATÓRIO DE ELETRICIDADE APLICADA,30,01,CONSOLIDADA,15.0 (75%),0.0 (0%),4.0 (20%),0.0 (0%),0.0 (0%),0.0 (0%),0.0 (0%),1.0 (5%),0.0 (0%),0.0 (0%),0.0 (0%),20.0,"4,2"
UNIVERSIDADE DE BRASÍLIA,CAMPUS UNB GAMA: FACULDADE DE CIÊNCIAS E TECNOLOGIAS EM ENGENHARIA,FGA0087,LABORATÓRIO DE ELETRICIDADE APLICADA,30,03,CONSOLIDADA,19.0 (95%),0.0 (0%),0.0 (0%),0.0 (0%),1.0 (5%),0.0 (0%),0.0 (0%),0.0 (0%),0.0 (0%),0.0 (0%),0.0 (0%),20.0,"4,21"
UNIVERSIDADE DE BRASÍLIA,CAMPUS UNB GAMA: FACULDADE DE CIÊNCIAS E TECNOLOGIAS EM ENGENHARIA,FGA0087,LABORATÓRIO DE ELETRICIDADE APLICADA,30,02,CONSOLIDADA,3.0 (60%),0.0 (0%),0.0 (0%),0.0 (0%),0.0 (0%),0.0 (0%),0.0 (0%),2.0 (40%),0.0 (0%),0.0 (0%),0.0 (0%),5.0,4
UNIVERSIDADE DE BRASÍLIA,CAMPUS UNB GAMA: FACULDADE DE CIÊNCIAS E TECNOLOGIAS EM ENGENHARIA,FGA0075,LABORATÓRIO DE MATERIAIS DE CONSTRUÇÃO,15,01,CONSOLIDADA,"11.0 (91,67%)",0.0 (0%),0.0 (0%),0.0 (0%),0.0 (0%),0.0 (0%),0.0 (0%),"1.0 (8,33%)",0.0 (0%),0.0 (0%),0.0 (0%),12.0,"3,27"
UNIVERSIDADE DE BRASÍLIA,CAMPUS UNB GAMA: FACULDADE DE CIÊNCIAS E TECNOLOGIAS EM ENGENHARIA,FGA0075,LABORATÓRIO DE MATERIAIS DE CONSTRUÇÃO,15,02,CONSOLIDADA,3.0 (75%),0.0 (0%),0.0 (0%),0.0 (0%),0.0 (0%),0.0 (0%),0.0 (0%),0.0 (0%),0.0 (0%),0.0 (0%),0.0 (0%),4.0,4
UNIVERSIDADE DE BRASÍLIA,CAMPUS UNB GAMA: FACULDADE DE CIÊNCIAS E TECNOLOGIAS EM ENGENHARIA,FGA0075,LABORATÓRIO DE MATERIAIS DE CONSTRUÇÃO,15,03,CONSOLIDADA,"8.0 (88,89%)",0.0 (0%),0.0 (0%),0.0 (0%),"1.0 (11,11%)",0.0 (0%),0.0 (0%),0.0 (0%),0.0 (0%),0.0 (0%),0.0 (0%),9.0,"3,62"
UNIVERSIDADE DE BRASÍLIA,CAMPUS UNB GAMA: FACULDADE DE CIÊNCIAS E TECNOLOGIAS EM ENGENHARIA,FGA0075,LABORATÓRIO DE MATERIAIS DE CONSTRUÇÃO,15,04,CONSOLIDADA,"9.0 (81,82%)",0.0 (0%),0.0 (0%),0.0 (0%),0.0 (0%),0.0 (0%),0.0 (0%),"1.0 (9,09%)",0.0 (0%),0.0 (0%),"1.0 (9,09%)",11.0,"3,67"
UNIVERSIDADE DE BRASÍLIA,CAMPUS UNB GAMA: FACULDADE DE CIÊNCIAS E TECNOLOGIAS EM ENGENHARIA,FGA0075,LABORATÓRIO DE MATERIAIS DE CONSTRUÇÃO,15,08,CONSOLIDADA,"9.0 (64,29%)",0.0 (0%),0.0 (0%),0.0 (0%),0.0 (0%),0.0 (0%),0.0 (0%),"5.0 (35,71%)",0.0 (0%),0.0 (0%),0.0 (0%),14.0,"4,22"
UNIVERSIDADE DE BRASÍLIA,CAMPUS UNB GAMA: FACULDADE DE CIÊNCIAS E TECNOLOGIAS EM ENGENHARIA,FGA0075,LABORATÓRIO DE MATERIAIS DE CONSTRUÇÃO,15,09,CONSOLIDADA,3.0 (50%),0.0 (0%),0.0 (0%),0.0 (0%),0.0 (0%),0.0 (0%),0.0 (0%),"2.0 (33,33%)",0.0 (0%),0.0 (0%),"1.0 (16,67%)",6.0,"4,67"
UNIVERSIDADE DE BRASÍLIA,CAMPUS UNB GAMA: FACULDADE DE CIÊNCIAS E TECNOLOGIAS EM ENGENHARIA,FGA0107,LABORATÓRIO DE ONDULATÓRIA E FÍSICA TÉRMICA PARA A ENGENHARIA,30,01,CONSOLIDADA,2.0 (100%),0.0 (0%),0.0 (0%),0.0 (0%),0.0 (0%),0.0 (0%),0.0 (0%),0.0 (0%),0.0 (0%),0.0 (0%),0.0 (0%),2.0,4
UNIVERSIDADE DE BRASÍLIA,CAMPUS UNB GAMA: FACULDADE DE CIÊNCIAS E TECNOLOGIAS EM ENGENHARIA,FGA0089,LABORATÓRIO DE SISTEMAS DE CONVERSÃO DE ENERGIA,30,01,CONSOLIDADA,"2.0 (66,67%)",0.0 (0%),0.0 (0%),0.0 (0%),0.0 (0%),0.0 (0%),0.0 (0%),"1.0 (33,33%)",0.0 (0%),0.0 (0%),0.0 (0%),3.0,4
UNIVERSIDADE DE BRASÍLIA,CAMPUS UNB GAMA: FACULDADE DE CIÊNCIAS E TECNOLOGIAS EM ENGENHARIA,FGA0089,LABORATÓRIO DE SISTEMAS DE CONVERSÃO DE ENERGIA,30,02,CONSOLIDADA,1.0 (100%),0.0 (0%),0.0 (0%),0.0 (0%),0.0 (0%),0.0 (0%),0.0 (0%),0.0 (0%),0.0 (0%),0.0 (0%),0.0 (0%),1.0,5
UNIVERSIDADE DE BRASÍLIA,CAMPUS UNB GAMA: FACULDADE DE CIÊNCIAS E TECNOLOGIAS EM ENGENHARIA,FGA0091,MÁQUINAS DE FLUIDO,90,01,CONSOLIDADA,9.0 (100%),0.0 (0%),0.0 (0%),0.0 (0%),0.0 (0%),0.0 (0%),0.0 (0%),0.0 (0%),0.0 (0%),0.0 (0%),0.0 (0%),9.0,"3,22"
UNIVERSIDADE DE BRASÍLIA,CAMPUS UNB GAMA: FACULDADE DE CIÊNCIAS E TECNOLOGIAS EM ENGENHARIA,FGA0085,MATEMÁTICA DISCRETA 1,60,01,CONSOLIDADA,"39.0 (31,45%)",0.0 (0%),62.0 (50%),0.0 (0%),"5.0 (4,03%)",0.0 (0%),0.0 (0%),"15.0 (12,1%)",0.0 (0%),0.0 (0%),"3.0 (2,42%)",124.0,"3,33"
UNIVERSIDADE DE BRASÍLIA,CAMPUS UNB GAMA: FACULDADE DE CIÊNCIAS E TECNOLOGIAS EM ENGENHARIA,FGA0085,MATEMÁTICA DISCRETA 1,60,02,CONSOLIDADA,"71.0 (56,8%)",0.0 (0%),"39.0 (31,2%)",0.0 (0%),"4.0 (3,2%)",0.0 (0%),0.0 (0%),"7.0 (5,6%)",0.0 (0%),0.0 (0%),"3.0 (2,4%)",125.0,"3,46"
UNIVERSIDADE DE BRASÍLIA,CAMPUS UNB GAMA: FACULDADE DE CIÊNCIAS E TECNOLOGIAS EM ENGENHARIA,FGA0108,MATEMÁTICA DISCRETA 2,60,02,CONSOLIDADA,12.0 (60%),0.0 (0%),2.0 (10%),0.0 (0%),0.0 (0%),0.0 (0%),0.0 (0%),4.0 (20%),0.0 (0%),0.0 (0%),1.0 (5%),20.0,"3,58"
UNIVERSIDADE DE BRASÍLIA,CAMPUS UNB GAMA: FACULDADE DE CIÊNCIAS E TECNOLOGIAS EM ENGENHARIA,FGA0108,MATEMÁTICA DISCRETA 2,60,03,CONSOLIDADA,"59.0 (53,15%)",0.0 (0%),"35.0 (31,53%)",0.0 (0%),"1.0 (0,9%)",0.0 (0%),0.0 (0%),"10.0 (9,01%)",0.0 (0%),0.0 (0%),"6.0 (5,41%)",111.0,"3,08"
UNIVERSIDADE DE BRASÍLIA,CAMPUS UNB GAMA: FACULDADE DE CIÊNCIAS E TECNOLOGIAS EM ENGENHARIA,FGA0191,MATERIAIS COMPOSTOS E PLÁSTICOS,60,01,CONSOLIDADA,"14.0 (73,68%)",0.0 (0%),0.0 (0%),0.0 (0%),"2.0 (10,53%)",0.0 (0%),0.0 (0%),"3.0 (15,79%)",0.0 (0%),0.0 (0%),0.0 (0%),19.0,"3,64"
UNIVERSIDADE DE BRASÍLIA,CAMPUS UNB GAMA: FACULDADE DE CIÊNCIAS E TECNOLOGIAS EM ENGENHARIA,FGA0039,MECÂNICA DE ESTRUTURAS AEROESPACIAIS,75,01,CONSOLIDADA,"33.0 (71,74%)",0.0 (0%),"7.0 (15,22%)",0.0 (0%),"1.0 (2,17%)",0.0 (0%),0.0 (0%),"3.0 (6,52%)",0.0 (0%),0.0 (0%),"2.0 (4,35%)",46.0,"3,76"
UNIVERSIDADE DE BRASÍLIA,CAMPUS UNB GAMA: FACULDADE DE CIÊNCIAS E TECNOLOGIAS EM ENGENHARIA,FGA0291,MECÂNICA DE ESTRUTURAS AERONÁUTICAS,60,01,CONSOLIDADA,"14.0 (93,33%)",0.0 (0%),0.0 (0%),0.0 (0%),0.0 (0%),0.0 (0%),0.0 (0%),"1.0 (6,67%)",0.0 (0%),0.0 (0%),0.0 (0%),15.0,"4,71"
UNIVERSIDADE DE BRASÍLIA,CAMPUS UNB GAMA: FACULDADE DE CIÊNCIAS E TECNOLOGIAS EM ENGENHARIA,FGA0154,MECANICA DOS SÓLIDOS 1 PARA ENGENHARIA,60,02,CONSOLIDADA,"15.0 (55,56%)",0.0 (0%),"6.0 (22,22%)",0.0 (0%),"3.0 (11,11%)",0.0 (0%),0.0 (0%),"2.0 (7,41%)",0.0 (0%),0.0 (0%),0.0 (0%),27.0,"3,13"
UNIVERSIDADE DE BRASÍLIA,CAMPUS UNB GAMA: FACULDADE DE CIÊNCIAS E TECNOLOGIAS EM ENGENHARIA,FGA0154,MECANICA DOS SÓLIDOS 1 PARA ENGENHARIA,60,01,CONSOLIDADA,"22.0 (68,75%)",0.0 (0%),"6.0 (18,75%)",0.0 (0%),"1.0 (3,12%)",0.0 (0%),0.0 (0%),"1.0 (3,12%)",0.0 (0%),0.0 (0%),"2.0 (6,25%)",32.0,"3,45"
UNIVERSIDADE DE BRASÍLIA,CAMPUS UNB GAMA: FACULDADE DE CIÊNCIAS E TECNOLOGIAS EM ENGENHARIA,FGA0154,MECANICA DOS SÓLIDOS 1 PARA ENGENHARIA,60,03,CONSOLIDADA,"11.0 (61,11%)",0.0 (0%),"2.0 (11,11%)",0.0 (0%),"2.0 (11,11%)",0.0 (0%),0.0 (0%),"3.0 (16,67%)",0.0 (0%),0.0 (0%),0.0 (0%),18.0,"3,55"
UNIVERSIDADE DE BRASÍLIA,CAMPUS UNB GAMA: FACULDADE DE CIÊNCIAS E TECNOLOGIAS EM ENGENHARIA,FGA0179,MECANICA DOS SÓLIDOS 2 PARA ENGENHARIA,60,01,CONSOLIDADA,"34.0 (61,82%)",0.0 (0%),"15.0 (27,27%)",0.0 (0%),0.0 (0%),0.0 (0%),0.0 (0%),0.0 (0%),0.0 (0%),0.0 (0%),"5.0 (9,09%)",55.0,"3,68"
UNIVERSIDADE DE BRASÍLIA,CAMPUS UNB GAMA: FACULDADE DE CIÊNCIAS E TECNOLOGIAS EM ENGENHARIA,FGA0045,MECÂNICA DO VÔO,60,01,CONSOLIDADA,"18.0 (78,26%)",0.0 (0%),"2.0 (8,7%)",0.0 (0%),"2.0 (8,7%)",0.0 (0%),0.0 (0%),"1.0 (4,35%)",0.0 (0%),0.0 (0%),0.0 (0%),23.0,"3,5"
UNIVERSIDADE DE BRASÍLIA,CAMPUS UNB GAMA: FACULDADE DE CIÊNCIAS E TECNOLOGIAS EM ENGENHARIA,FGA0048,MECÂNICA DO VOO ESPACIAL,60,01,CONSOLIDADA,"26.0 (96,3%)",0.0 (0%),"1.0 (3,7%)",0.0 (0%),0.0 (0%),0.0 (0%),0.0 (0%),0.0 (0%),0.0 (0%),0.0 (0%),0.0 (0%),27.0,"3,85"
UNIVERSIDADE DE BRASÍLIA,CAMPUS UNB GAMA: FACULDADE DE CIÊNCIAS E TECNOLOGIAS EM ENGENHARIA,FGA0312,MÉTODOS DE DESENVOLVIMENTO DE SOFTWARE,60,01,CONSOLIDADA,"38.0 (90,48%)",0.0 (0%),0.0 (0%),0.0 (0%),0.0 (0%),0.0 (0%),0.0 (0%),"2.0 (4,76%)",0.0 (0%),0.0 (0%),0.0 (0%),42.0,"4,18"
UNIVERSIDADE DE BRASÍLIA,CAMPUS UNB GAMA: FACULDADE DE CIÊNCIAS E TECNOLOGIAS EM ENGENHARIA,FGA0312,MÉTODOS DE DESENVOLVIMENTO DE SOFTWARE,60,02,CONSOLIDADA,"66.0 (79,52%)",0.0 (0%),"14.0 (16,87%)",0.0 (0%),0.0 (0%),0.0 (0%),0.0 (0%),0.0 (0%),0.0 (0%),0.0 (0%),"2.0 (2,41%)",83.0,"4,17"
UNIVERSIDADE DE BRASÍLIA,CAMPUS UNB GAMA: FACULDADE DE CIÊNCIAS E TECNOLOGIAS EM ENGENHARIA,FGA0312,MÉTODOS DE DESENVOLVIMENTO DE SOFTWARE,60,03,CONSOLIDADA,"60.0 (84,51%)",0.0 (0%),"2.0 (2,82%)",0.0 (0%),"1.0 (1,41%)",0.0 (0%),0.0 (0%),"5.0 (7,04%)",0.0 (0%),0.0 (0%),"2.0 (2,82%)",71.0,"3,72"
UNIVERSIDADE DE BRASÍLIA,CAMPUS UNB GAMA: FACULDADE DE CIÊNCIAS E TECNOLOGIAS EM ENGENHARIA,FGA0188,MÉTODOS EXPERIMENTAIS PARA ENGENHARIA,60,01,CONSOLIDADA,"7.0 (58,33%)",0.0 (0%),3.0 (25%),0.0 (0%),0.0 (0%),0.0 (0%),0.0 (0%),"1.0 (8,33%)",0.0 (0%),0.0 (0%),"1.0 (8,33%)",12.0,3
UNIVERSIDADE DE BRASÍLIA,CAMPUS UNB GAMA: FACULDADE DE CIÊNCIAS E TECNOLOGIAS EM ENGENHARIA,FGA0160,MÉTODOS NUMÉRICOS PARA ENGENHARIA,60,03,CONSOLIDADA,"12.0 (36,36%)",0.0 (0%),"12.0 (36,36%)",0.0 (0%),0.0 (0%),0.0 (0%),0.0 (0%),"6.0 (18,18%)",0.0 (0%),0.0 (0%),"3.0 (9,09%)",33.0,"3,58"
UNIVERSIDADE DE BRASÍLIA,CAMPUS UNB GAMA: FACULDADE DE CIÊNCIAS E TECNOLOGIAS EM ENGENHARIA,FGA0160,MÉTODOS NUMÉRICOS PARA ENGENHARIA,60,02,CONSOLIDADA,"116.0 (92,8%)",0.0 (0%),"3.0 (2,4%)",0.0 (0%),0.0 (0%),0.0 (0%),0.0 (0%),"3.0 (2,4%)",0.0 (0%),0.0 (0%),"3.0 (2,4%)",125.0,"4,57"
UNIVERSIDADE DE BRASÍLIA,CAMPUS UNB GAMA: FACULDADE DE CIÊNCIAS E TECNOLOGIAS EM ENGENHARIA,FGA0160,MÉTODOS NUMÉRICOS PARA ENGENHARIA,60,01,CONSOLIDADA,"25.0 (40,98%)",0.0 (0%),"12.0 (19,67%)",0.0 (0%),"6.0 (9,84%)",0.0 (0%),0.0 (0%),"16.0 (26,23%)",0.0 (0%),0.0 (0%),"2.0 (3,28%)",61.0,"3,36"
UNIVERSIDADE DE BRASÍLIA,CAMPUS UNB GAMA: FACULDADE DE CIÊNCIAS E TECNOLOGIAS EM ENGENHARIA,FGA0090,ONDULATÓRIA E FÍSICA TÉRMICA PARA ENGENHARIA,60,01,CONSOLIDADA,8.0 (50%),0.0 (0%),"3.0 (18,75%)",0.0 (0%),"3.0 (18,75%)",0.0 (0%),0.0 (0%),"1.0 (6,25%)",0.0 (0%),0.0 (0%),0.0 (0%),16.0,"3,12"
UNIVERSIDADE DE BRASÍLIA,CAMPUS UNB GAMA: FACULDADE DE CIÊNCIAS E TECNOLOGIAS EM ENGENHARIA,FGA0158,ORIENTAÇÃO A OBJETOS,60,01,CONSOLIDADA,33.0 (66%),0.0 (0%),10.0 (20%),0.0 (0%),2.0 (4%),0.0 (0%),0.0 (0%),3.0 (6%),0.0 (0%),0.0 (0%),1.0 (2%),50.0,"3,82"
UNIVERSIDADE DE BRASÍLIA,CAMPUS UNB GAMA: FACULDADE DE CIÊNCIAS E TECNOLOGIAS EM ENGENHARIA,FGA0158,ORIENTAÇÃO A OBJETOS,60,02,CONSOLIDADA,"22.0 (62,86%)",0.0 (0%),"6.0 (17,14%)",0.0 (0%),0.0 (0%),0.0 (0%),0.0 (0%),"5.0 (14,29%)",0.0 (0%),0.0 (0%),"1.0 (2,86%)",35.0,"4,27"
UNIVERSIDADE DE BRASÍLIA,CAMPUS UNB GAMA: FACULDADE DE CIÊNCIAS E TECNOLOGIAS EM ENGENHARIA,FGA0158,ORIENTAÇÃO A OBJETOS,60,03,CONSOLIDADA,"65.0 (80,25%)",0.0 (0%),"5.0 (6,17%)",0.0 (0%),0.0 (0%),0.0 (0%),0.0 (0%),"7.0 (8,64%)",0.0 (0%),0.0 (0%),"3.0 (3,7%)",81.0,"4,51"
UNIVERSIDADE DE BRASÍLIA,CAMPUS UNB GAMA: FACULDADE DE CIÊNCIAS E TECNOLOGIAS EM ENGENHARIA,FGA0158,ORIENTAÇÃO A OBJETOS,60,06,CONSOLIDADA,"60.0 (72,29%)",0.0 (0%),"6.0 (7,23%)",0.0 (0%),"3.0 (3,61%)",0.0 (0%),0.0 (0%),"11.0 (13,25%)",0.0 (0%),0.0 (0%),"2.0 (2,41%)",83.0,"3,6"
UNIVERSIDADE DE BRASÍLIA,CAMPUS UNB GAMA: FACULDADE DE CIÊNCIAS E TECNOLOGIAS EM ENGENHARIA,FGA0210,PARADIGMAS DE PROGRAMAÇÃO,60,01,CONSOLIDADA,"69.0 (55,2%)",0.0 (0%),"41.0 (32,8%)",0.0 (0%),"3.0 (2,4%)",0.0 (0%),0.0 (0%),"7.0 (5,6%)",0.0 (0%),0.0 (0%),5.0 (4%),125.0,"3,39"
UNIVERSIDADE DE BRASÍLIA,CAMPUS UNB GAMA: FACULDADE DE CIÊNCIAS E TECNOLOGIAS EM ENGENHARIA,FCTE0002,PARADIGMAS DE SOLUÇÃO DE PROBLEMAS,60,01,CONSOLIDADA,17.0 (34%),0.0 (0%),13.0 (26%),0.0 (0%),1.0 (2%),0.0 (0%),0.0 (0%),18.0 (36%),0.0 (0%),0.0 (0%),1.0 (2%),50.0,"3,47"
UNIVERSIDADE DE BRASÍLIA,CAMPUS UNB GAMA: FACULDADE DE CIÊNCIAS E TECNOLOGIAS EM ENGENHARIA,FGA0069,PRÁTICA DE CIRCUITOS ELETRÔNICOS 1,30,01,CONSOLIDADA,"3.0 (33,33%)",0.0 (0%),0.0 (0%),0.0 (0%),"2.0 (22,22%)",0.0 (0%),0.0 (0%),"3.0 (33,33%)",0.0 (0%),0.0 (0%),"1.0 (11,11%)",9.0,4
UNIVERSIDADE DE BRASÍLIA,CAMPUS UNB GAMA: FACULDADE DE CIÊNCIAS E TECNOLOGIAS EM ENGENHARIA,FGA0069,PRÁTICA DE CIRCUITOS ELETRÔNICOS 1,30,02,CONSOLIDADA,11.0 (55%),0.0 (0%),0.0 (0%),0.0 (0%),4.0 (20%),0.0 (0%),0.0 (0%),3.0 (15%),0.0 (0%),0.0 (0%),2.0 (10%),20.0,"3,82"
UNIVERSIDADE DE BRASÍLIA,CAMPUS UNB GAMA: FACULDADE DE CIÊNCIAS E TECNOLOGIAS EM ENGENHARIA,FGA0069,PRÁTICA DE CIRCUITOS ELETRÔNICOS 1,30,03,CONSOLIDADA,12.0 (50%),0.0 (0%),0.0 (0%),0.0 (0%),6.0 (25%),0.0 (0%),0.0 (0%),"5.0 (20,83%)",0.0 (0%),0.0 (0%),"1.0 (4,17%)",24.0,"3,5"
UNIVERSIDADE DE BRASÍLIA,CAMPUS UNB GAMA: FACULDADE DE CIÊNCIAS E TECNOLOGIAS EM ENGENHARIA,FGA0070,PRÁTICA DE CIRCUITOS ELETRÔNICOS 2,30,01,CONSOLIDADA,"11.0 (84,62%)",0.0 (0%),0.0 (0%),0.0 (0%),"2.0 (15,38%)",0.0 (0%),0.0 (0%),0.0 (0%),0.0 (0%),0.0 (0%),0.0 (0%),13.0,"4,36"
UNIVERSIDADE DE BRASÍLIA,CAMPUS UNB GAMA: FACULDADE DE CIÊNCIAS E TECNOLOGIAS EM ENGENHARIA,FGA0098,PRÁTICA DE CIRCUITOS ELETRÔNICOS 3,30,01,CONSOLIDADA,8.0 (100%),0.0 (0%),0.0 (0%),0.0 (0%),0.0 (0%),0.0 (0%),0.0 (0%),0.0 (0%),0.0 (0%),0.0 (0%),0.0 (0%),8.0,"4,25"
UNIVERSIDADE DE BRASÍLIA,CAMPUS UNB GAMA: FACULDADE DE CIÊNCIAS E TECNOLOGIAS EM ENGENHARIA,FGA0120,PRÁTICA DE ELETROMAGNETISMO,30,01,CONSOLIDADA,"14.0 (77,78%)",0.0 (0%),"2.0 (11,11%)",0.0 (0%),0.0 (0%),0.0 (0%),0.0 (0%),"1.0 (5,56%)",0.0 (0%),0.0 (0%),0.0 (0%),18.0,"4,36"
UNIVERSIDADE DE BRASÍLIA,CAMPUS UNB GAMA: FACULDADE DE CIÊNCIAS E TECNOLOGIAS EM ENGENHARIA,FGA0120,PRÁTICA DE ELETROMAGNETISMO,30,02,CONSOLIDADA,"7.0 (46,67%)",0.0 (0%),6.0 (40%),0.0 (0%),0.0 (0%),0.0 (0%),0.0 (0%),0.0 (0%),0.0 (0%),0.0 (0%),"1.0 (6,67%)",15.0,"3,57"
UNIVERSIDADE DE BRASÍLIA,CAMPUS UNB GAMA: FACULDADE DE CIÊNCIAS E TECNOLOGIAS EM ENGENHARIA,FGA0120,PRÁTICA DE ELETROMAGNETISMO,30,03,CONSOLIDADA,"21.0 (72,41%)",0.0 (0%),"5.0 (17,24%)",0.0 (0%),0.0 (0%),0.0 (0%),0.0 (0%),"3.0 (10,34%)",0.0 (0%),0.0 (0%),0.0 (0%),29.0,"4,29"
UNIVERSIDADE DE BRASÍLIA,CAMPUS UNB GAMA: FACULDADE DE CIÊNCIAS E TECNOLOGIAS EM ENGENHARIA,FGA0071,PRÁTICA DE ELETRÔNICA DIGITAL 1,30,01,CONSOLIDADA,12.0 (75%),0.0 (0%),0.0 (0%),0.0 (0%),"1.0 (6,25%)",0.0 (0%),0.0 (0%),"1.0 (6,25%)",0.0 (0%),0.0 (0%),"2.0 (12,5%)",16.0,"4,67"
UNIVERSIDADE DE BRASÍLIA,CAMPUS UNB GAMA: FACULDADE DE CIÊNCIAS E TECNOLOGIAS EM ENGENHARIA,FGA0071,PRÁTICA DE ELETRÔNICA DIGITAL 1,30,02,CONSOLIDADA,"16.0 (94,12%)",0.0 (0%),0.0 (0%),0.0 (0%),0.0 (0%),0.0 (0%),0.0 (0%),0.0 (0%),0.0 (0%),0.0 (0%),0.0 (0%),17.0,"4,56"
UNIVERSIDADE DE BRASÍLIA,CAMPUS UNB GAMA: FACULDADE DE CIÊNCIAS E TECNOLOGIAS EM ENGENHARIA,FGA0071,PRÁTICA DE ELETRÔNICA DIGITAL 1,30,03,CONSOLIDADA,12.0 (75%),0.0 (0%),0.0 (0%),0.0 (0%),"1.0 (6,25%)",0.0 (0%),0.0 (0%),"1.0 (6,25%)",0.0 (0%),0.0 (0%),"2.0 (12,5%)",16.0,"4,5"
UNIVERSIDADE DE BRASÍLIA,CAMPUS UNB GAMA: FACULDADE DE CIÊNCIAS E TECNOLOGIAS EM ENGENHARIA,FGA0071,PRÁTICA DE ELETRÔNICA DIGITAL 1,30,04,CONSOLIDADA,"14.0 (87,5%)",0.0 (0%),0.0 (0%),0.0 (0%),0.0 (0%),0.0 (0%),0.0 (0%),0.0 (0%),0.0 (0%),0.0 (0%),"2.0 (12,5%)",16.0,"4,93"
UNIVERSIDADE DE BRASÍLIA,CAMPUS UNB GAMA: FACULDADE DE CIÊNCIAS E TECNOLOGIAS EM ENGENHARIA,FGA0071,PRÁTICA DE ELETRÔNICA DIGITAL 1,30,06,CONSOLIDADA,"15.0 (93,75%)",0.0 (0%),"1.0 (6,25%)",0.0 (0%),0.0 (0%),0.0 (0%),0.0 (0%),0.0 (0%),0.0 (0%),0.0 (0%),0.0 (0%),16.0,"4,53"
UNIVERSIDADE DE BRASÍLIA,CAMPUS UNB GAMA: FACULDADE DE CIÊNCIAS E TECNOLOGIAS EM ENGENHARIA,FGA0071,PRÁTICA DE ELETRÔNICA DIGITAL 1,30,07,CONSOLIDADA,"13.0 (86,67%)",0.0 (0%),"1.0 (6,67%)",0.0 (0%),0.0 (0%),0.0 (0%),0.0 (0%),0.0 (0%),0.0 (0%),0.0 (0%),0.0 (0%),15.0,"4,15"
UNIVERSIDADE DE BRASÍLIA,CAMPUS UNB GAMA: FACULDADE DE CIÊNCIAS E TECNOLOGIAS EM ENGENHARIA,FGA0071,PRÁTICA DE ELETRÔNICA DIGITAL 1,30,08,CONSOLIDADA,"11.0 (73,33%)",0.0 (0%),0.0 (0%),0.0 (0%),0.0 (0%),0.0 (0%),0.0 (0%),"1.0 (6,67%)",0.0 (0%),0.0 (0%),0.0 (0%),15.0,"3,91"
UNIVERSIDADE DE BRASÍLIA,CAMPUS UNB GAMA: FACULDADE DE CIÊNCIAS E TECNOLOGIAS EM ENGENHARIA,FGA0071,PRÁTICA DE ELETRÔNICA DIGITAL 1,30,09,CONSOLIDADA,12.0 (75%),0.0 (0%),"1.0 (6,25%)",0.0 (0%),"1.0 (6,25%)",0.0 (0%),0.0 (0%),"1.0 (6,25%)",0.0 (0%),0.0 (0%),"1.0 (6,25%)",16.0,"3,58"
UNIVERSIDADE DE BRASÍLIA,CAMPUS UNB GAMA: FACULDADE DE CIÊNCIAS E TECNOLOGIAS EM ENGENHARIA,FGA0071,PRÁTICA DE ELETRÔNICA DIGITAL 1,30,05,CONSOLIDADA,"13.0 (76,47%)",0.0 (0%),"1.0 (5,88%)",0.0 (0%),"2.0 (11,76%)",0.0 (0%),0.0 (0%),"1.0 (5,88%)",0.0 (0%),0.0 (0%),0.0 (0%),17.0,"4,54"
UNIVERSIDADE DE BRASÍLIA,CAMPUS UNB GAMA: FACULDADE DE CIÊNCIAS E TECNOLOGIAS EM ENGENHARIA,FGA0071,PRÁTICA DE ELETRÔNICA DIGITAL 1,30,10,CONSOLIDADA,"11.0 (78,57%)",0.0 (0%),0.0 (0%),0.0 (0%),0.0 (0%),0.0 (0%),0.0 (0%),"1.0 (7,14%)",0.0 (0%),0.0 (0%),"1.0 (7,14%)",14.0,"4,45"
UNIVERSIDADE DE BRASÍLIA,CAMPUS UNB GAMA: FACULDADE DE CIÊNCIAS E TECNOLOGIAS EM ENGENHARIA,FGA0072,PRÁTICA DE ELETRÔNICA DIGITAL 2,30,01,CONSOLIDADA,8.0 (80%),0.0 (0%),1.0 (10%),0.0 (0%),0.0 (0%),0.0 (0%),0.0 (0%),1.0 (10%),0.0 (0%),0.0 (0%),0.0 (0%),10.0,"3,88"
UNIVERSIDADE DE BRASÍLIA,CAMPUS UNB GAMA: FACULDADE DE CIÊNCIAS E TECNOLOGIAS EM ENGENHARIA,FGA0072,PRÁTICA DE ELETRÔNICA DIGITAL 2,30,02,CONSOLIDADA,"7.0 (77,78%)",0.0 (0%),"1.0 (11,11%)",0.0 (0%),"1.0 (11,11%)",0.0 (0%),0.0 (0%),0.0 (0%),0.0 (0%),0.0 (0%),0.0 (0%),9.0,"4,43"
UNIVERSIDADE DE BRASÍLIA,CAMPUS UNB GAMA: FACULDADE DE CIÊNCIAS E TECNOLOGIAS EM ENGENHARIA,FGA0100,PRÁTICA DE FÍSICA DOS DISPOSITIVOS ELETRÔNICOS,30,01,CONSOLIDADA,12.0 (100%),0.0 (0%),0.0 (0%),0.0 (0%),0.0 (0%),0.0 (0%),0.0 (0%),0.0 (0%),0.0 (0%),0.0 (0%),0.0 (0%),12.0,"3,92"
UNIVERSIDADE DE BRASÍLIA,CAMPUS UNB GAMA: FACULDADE DE CIÊNCIAS E TECNOLOGIAS EM ENGENHARIA,FGA0100,PRÁTICA DE FÍSICA DOS DISPOSITIVOS ELETRÔNICOS,30,02,CONSOLIDADA,"4.0 (66,67%)",0.0 (0%),0.0 (0%),0.0 (0%),0.0 (0%),0.0 (0%),0.0 (0%),"1.0 (16,67%)",0.0 (0%),0.0 (0%),"1.0 (16,67%)",6.0,5
UNIVERSIDADE DE BRASÍLIA,CAMPUS UNB GAMA: FACULDADE DE CIÊNCIAS E TECNOLOGIAS EM ENGENHARIA,FGA0092,PRINCÍPIOS DE COMUNICAÇÃO PARA ENGENHARIA,75,01,CONSOLIDADA,"5.0 (16,67%)",0.0 (0%),"17.0 (56,67%)",0.0 (0%),"4.0 (13,33%)",0.0 (0%),0.0 (0%),"4.0 (13,33%)",0.0 (0%),0.0 (0%),0.0 (0%),30.0,"3,8"
UNIVERSIDADE DE BRASÍLIA,CAMPUS UNB GAMA: FACULDADE DE CIÊNCIAS E TECNOLOGIAS EM ENGENHARIA,FGA0093,PRINCÍPIOS DE CONTROLE,75,02,CONSOLIDADA,24.0 (75%),0.0 (0%),"2.0 (6,25%)",0.0 (0%),"3.0 (9,38%)",0.0 (0%),0.0 (0%),"3.0 (9,38%)",0.0 (0%),0.0 (0%),0.0 (0%),32.0,4
UNIVERSIDADE DE BRASÍLIA,CAMPUS UNB GAMA: FACULDADE DE CIÊNCIAS E TECNOLOGIAS EM ENGENHARIA,FGA0093,PRINCÍPIOS DE CONTROLE,75,01,CONSOLIDADA,"14.0 (58,33%)",0.0 (0%),"5.0 (20,83%)",0.0 (0%),"2.0 (8,33%)",0.0 (0%),0.0 (0%),"1.0 (4,17%)",0.0 (0%),0.0 (0%),"1.0 (4,17%)",24.0,"3,79"
UNIVERSIDADE DE BRASÍLIA,CAMPUS UNB GAMA: FACULDADE DE CIÊNCIAS E TECNOLOGIAS EM ENGENHARIA,FGA0157,PROBABILIDADE E ESTATÍSTICA APLICADO A ENGENHARIA,60,01,CONSOLIDADA,"108.0 (88,52%)",0.0 (0%),"5.0 (4,1%)",0.0 (0%),"3.0 (2,46%)",0.0 (0%),0.0 (0%),"3.0 (2,46%)",0.0 (0%),0.0 (0%),"3.0 (2,46%)",122.0,"4,12"
UNIVERSIDADE DE BRASÍLIA,CAMPUS UNB GAMA: FACULDADE DE CIÊNCIAS E TECNOLOGIAS EM ENGENHARIA,FGA0157,PROBABILIDADE E ESTATÍSTICA APLICADO A ENGENHARIA,60,02,CONSOLIDADA,"79.0 (86,81%)",0.0 (0%),"5.0 (5,49%)",0.0 (0%),0.0 (0%),0.0 (0%),0.0 (0%),"2.0 (2,2%)",0.0 (0%),0.0 (0%),"5.0 (5,49%)",91.0,"4,24"
UNIVERSIDADE DE BRASÍLIA,CAMPUS UNB GAMA: FACULDADE DE CIÊNCIAS E TECNOLOGIAS EM ENGENHARIA,FGA0219,PROCESSAMENTO DE SINAIS,60,01,CONSOLIDADA,8.0 (80%),0.0 (0%),1.0 (10%),0.0 (0%),0.0 (0%),0.0 (0%),0.0 (0%),1.0 (10%),0.0 (0%),0.0 (0%),0.0 (0%),10.0,"3,88"
UNIVERSIDADE DE BRASÍLIA,CAMPUS UNB GAMA: FACULDADE DE CIÊNCIAS E TECNOLOGIAS EM ENGENHARIA,FGA0015,PROCESSAMENTO DIGITAL DE IMAGENS,60,01,ABERTA,0.0 (0%),0.0 (0%),0.0 (0%),0.0 (0%),0.0 (0%),0.0 (0%),0.0 (0%),1.0 (100%),0.0 (0%),0.0 (0%),0.0 (0%),1.0,�
UNIVERSIDADE DE BRASÍLIA,CAMPUS UNB GAMA: FACULDADE DE CIÊNCIAS E TECNOLOGIAS EM ENGENHARIA,FGA0047,PROCESSOS PETROQUÍMICOS,60,01,CONSOLIDADA,"4.0 (57,14%)",0.0 (0%),0.0 (0%),0.0 (0%),"1.0 (14,29%)",0.0 (0%),0.0 (0%),"2.0 (28,57%)",0.0 (0%),0.0 (0%),0.0 (0%),7.0,"3,25"
UNIVERSIDADE DE BRASÍLIA,CAMPUS UNB GAMA: FACULDADE DE CIÊNCIAS E TECNOLOGIAS EM ENGENHARIA,FGA0244,PROGRAMAÇÃO PARA SISTEMAS PARALELOS E DISTRIBUÍDOS,60,01,CONSOLIDADA,"59.0 (75,64%)",0.0 (0%),"7.0 (8,97%)",0.0 (0%),"2.0 (2,56%)",0.0 (0%),0.0 (0%),"7.0 (8,97%)",0.0 (0%),0.0 (0%),"3.0 (3,85%)",78.0,"3,17"
UNIVERSIDADE DE BRASÍLIA,CAMPUS UNB GAMA: FACULDADE DE CIÊNCIAS E TECNOLOGIAS EM ENGENHARIA,FGA0244,PROGRAMAÇÃO PARA SISTEMAS PARALELOS E DISTRIBUÍDOS,60,02,CONSOLIDADA,"23.0 (54,76%)",0.0 (0%),"8.0 (19,05%)",0.0 (0%),"4.0 (9,52%)",0.0 (0%),0.0 (0%),"6.0 (14,29%)",0.0 (0%),0.0 (0%),"1.0 (2,38%)",42.0,"3,13"
UNIVERSIDADE DE BRASÍLIA,CAMPUS UNB GAMA: FACULDADE DE CIÊNCIAS E TECNOLOGIAS EM ENGENHARIA,FGA0198,PROJETO COM CIRCUITOS RECONFIGURAVEIS,60,01,CONSOLIDADA,8.0 (80%),0.0 (0%),2.0 (20%),0.0 (0%),0.0 (0%),0.0 (0%),0.0 (0%),0.0 (0%),0.0 (0%),0.0 (0%),0.0 (0%),10.0,"3,88"
UNIVERSIDADE DE BRASÍLIA,CAMPUS UNB GAMA: FACULDADE DE CIÊNCIAS E TECNOLOGIAS EM ENGENHARIA,FGA0124,PROJETO DE ALGORITMOS,60,01,CONSOLIDADA,"119.0 (92,25%)",0.0 (0%),"2.0 (1,55%)",0.0 (0%),"4.0 (3,1%)",0.0 (0%),0.0 (0%),"3.0 (2,33%)",0.0 (0%),0.0 (0%),0.0 (0%),129.0,"4,26"
UNIVERSIDADE DE BRASÍLIA,CAMPUS UNB GAMA: FACULDADE DE CIÊNCIAS E TECNOLOGIAS EM ENGENHARIA,FGA0190,PROJETO DE ELEMENTOS AUTOMOTIVOS,90,01,CONSOLIDADA,2.0 (100%),0.0 (0%),0.0 (0%),0.0 (0%),0.0 (0%),0.0 (0%),0.0 (0%),0.0 (0%),0.0 (0%),0.0 (0%),0.0 (0%),2.0,"4,5"
UNIVERSIDADE DE BRASÍLIA,CAMPUS UNB GAMA: FACULDADE DE CIÊNCIAS E TECNOLOGIAS EM ENGENHARIA,FGA0267,PROJETO DE ESTRUTURAS DE VEICULOS,60,01,CONSOLIDADA,6.0 (100%),0.0 (0%),0.0 (0%),0.0 (0%),0.0 (0%),0.0 (0%),0.0 (0%),0.0 (0%),0.0 (0%),0.0 (0%),0.0 (0%),6.0,"4,67"
UNIVERSIDADE DE BRASÍLIA,CAMPUS UNB GAMA: FACULDADE DE CIÊNCIAS E TECNOLOGIAS EM ENGENHARIA,FGA0228,PROJETO DE SISTEMAS AUTOMOTIVOS,60,01,CONSOLIDADA,"4.0 (66,67%)",0.0 (0%),"1.0 (16,67%)",0.0 (0%),0.0 (0%),0.0 (0%),0.0 (0%),"1.0 (16,67%)",0.0 (0%),0.0 (0%),0.0 (0%),6.0,4
UNIVERSIDADE DE BRASÍLIA,CAMPUS UNB GAMA: FACULDADE DE CIÊNCIAS E TECNOLOGIAS EM ENGENHARIA,FGA0062,PROJETO DE SISTEMAS DE OBSERVAÇÃO DA TERRA,60,01,CONSOLIDADA,"15.0 (71,43%)",0.0 (0%),0.0 (0%),0.0 (0%),0.0 (0%),0.0 (0%),0.0 (0%),"6.0 (28,57%)",0.0 (0%),0.0 (0%),0.0 (0%),21.0,"4,07"
UNIVERSIDADE DE BRASÍLIA,CAMPUS UNB GAMA: FACULDADE DE CIÊNCIAS E TECNOLOGIAS EM ENGENHARIA,FGA0303,PROJETO INTEGRADOR DE ENGENHARIA 1,60,01,CONSOLIDADA,27.0 (75%),0.0 (0%),"3.0 (8,33%)",0.0 (0%),0.0 (0%),0.0 (0%),0.0 (0%),"5.0 (13,89%)",0.0 (0%),0.0 (0%),0.0 (0%),36.0,"3,96"
UNIVERSIDADE DE BRASÍLIA,CAMPUS UNB GAMA: FACULDADE DE CIÊNCIAS E TECNOLOGIAS EM ENGENHARIA,FGA0303,PROJETO INTEGRADOR DE ENGENHARIA 1,60,02,CONSOLIDADA,"32.0 (91,43%)",0.0 (0%),0.0 (0%),0.0 (0%),0.0 (0%),0.0 (0%),0.0 (0%),"2.0 (5,71%)",0.0 (0%),0.0 (0%),"1.0 (2,86%)",35.0,"3,94"
UNIVERSIDADE DE BRASÍLIA,CAMPUS UNB GAMA: FACULDADE DE CIÊNCIAS E TECNOLOGIAS EM ENGENHARIA,FGA0303,PROJETO INTEGRADOR DE ENGENHARIA 1,60,03,CONSOLIDADA,45.0 (100%),0.0 (0%),0.0 (0%),0.0 (0%),0.0 (0%),0.0 (0%),0.0 (0%),0.0 (0%),0.0 (0%),0.0 (0%),0.0 (0%),45.0,"3,91"
UNIVERSIDADE DE BRASÍLIA,CAMPUS UNB GAMA: FACULDADE DE CIÊNCIAS E TECNOLOGIAS EM ENGENHARIA,FGA0303,PROJETO INTEGRADOR DE ENGENHARIA 1,60,04,CONSOLIDADA,"29.0 (82,86%)",0.0 (0%),"1.0 (2,86%)",0.0 (0%),"1.0 (2,86%)",0.0 (0%),0.0 (0%),"3.0 (8,57%)",0.0 (0%),0.0 (0%),"1.0 (2,86%)",35.0,"3,86"
UNIVERSIDADE DE BRASÍLIA,CAMPUS UNB GAMA: FACULDADE DE CIÊNCIAS E TECNOLOGIAS EM ENGENHARIA,FGA0303,PROJETO INTEGRADOR DE ENGENHARIA 1,60,05,CONSOLIDADA,"30.0 (88,24%)",0.0 (0%),0.0 (0%),0.0 (0%),0.0 (0%),0.0 (0%),0.0 (0%),"3.0 (8,82%)",0.0 (0%),0.0 (0%),"1.0 (2,94%)",34.0,"3,97"
UNIVERSIDADE DE BRASÍLIA,CAMPUS UNB GAMA: FACULDADE DE CIÊNCIAS E TECNOLOGIAS EM ENGENHARIA,FGA0304,PROJETO INTEGRADOR DE ENGENHARIA 2,90,01,CONSOLIDADA,"18.0 (94,74%)",0.0 (0%),0.0 (0%),0.0 (0%),0.0 (0%),0.0 (0%),0.0 (0%),0.0 (0%),0.0 (0%),0.0 (0%),"1.0 (5,26%)",19.0,"3,83"
UNIVERSIDADE DE BRASÍLIA,CAMPUS UNB GAMA: FACULDADE DE CIÊNCIAS E TECNOLOGIAS EM ENGENHARIA,FGA0304,PROJETO INTEGRADOR DE ENGENHARIA 2,90,02,CONSOLIDADA,"34.0 (97,14%)",0.0 (0%),0.0 (0%),0.0 (0%),0.0 (0%),0.0 (0%),0.0 (0%),"1.0 (2,86%)",0.0 (0%),0.0 (0%),0.0 (0%),35.0,"3,94"
UNIVERSIDADE DE BRASÍLIA,CAMPUS UNB GAMA: FACULDADE DE CIÊNCIAS E TECNOLOGIAS EM ENGENHARIA,FGA0304,PROJETO INTEGRADOR DE ENGENHARIA 2,90,03,CONSOLIDADA,"30.0 (96,77%)",0.0 (0%),0.0 (0%),0.0 (0%),0.0 (0%),0.0 (0%),0.0 (0%),"1.0 (3,23%)",0.0 (0%),0.0 (0%),0.0 (0%),31.0,"3,6"
UNIVERSIDADE DE BRASÍLIA,CAMPUS UNB GAMA: FACULDADE DE CIÊNCIAS E TECNOLOGIAS EM ENGENHARIA,FGA0304,PROJETO INTEGRADOR DE ENGENHARIA 2,90,04,CONSOLIDADA,35.0 (100%),0.0 (0%),0.0 (0%),0.0 (0%),0.0 (0%),0.0 (0%),0.0 (0%),0.0 (0%),0.0 (0%),0.0 (0%),0.0 (0%),35.0,"3,57"
UNIVERSIDADE DE BRASÍLIA,CAMPUS UNB GAMA: FACULDADE DE CIÊNCIAS E TECNOLOGIAS EM ENGENHARIA,FGA0304,PROJETO INTEGRADOR DE ENGENHARIA 2,90,05,CONSOLIDADA,18.0 (100%),0.0 (0%),0.0 (0%),0.0 (0%),0.0 (0%),0.0 (0%),0.0 (0%),0.0 (0%),0.0 (0%),0.0 (0%),0.0 (0%),18.0,"3,89"
UNIVERSIDADE DE BRASÍLIA,CAMPUS UNB GAMA: FACULDADE DE CIÊNCIAS E TECNOLOGIAS EM ENGENHARIA,FGA0017,PROJETOS DE CIRCUITOS INTEGRADOS 1,60,01,CONSOLIDADA,"13.0 (81,25%)",0.0 (0%),"2.0 (12,5%)",0.0 (0%),0.0 (0%),0.0 (0%),0.0 (0%),0.0 (0%),0.0 (0%),0.0 (0%),0.0 (0%),16.0,"3,38"
UNIVERSIDADE DE BRASÍLIA,CAMPUS UNB GAMA: FACULDADE DE CIÊNCIAS E TECNOLOGIAS EM ENGENHARIA,FGA0063,PROPULSÃO AERONÁUTICA,60,01,CONSOLIDADA,"13.0 (86,67%)",0.0 (0%),"1.0 (6,67%)",0.0 (0%),0.0 (0%),0.0 (0%),0.0 (0%),"1.0 (6,67%)",0.0 (0%),0.0 (0%),0.0 (0%),15.0,"3,92"
UNIVERSIDADE DE BRASÍLIA,CAMPUS UNB GAMA: FACULDADE DE CIÊNCIAS E TECNOLOGIAS EM ENGENHARIA,FGA0315,QUALIDADE DE SOFTWARE 1,60,01,CONSOLIDADA,"51.0 (82,26%)",0.0 (0%),"7.0 (11,29%)",0.0 (0%),"2.0 (3,23%)",0.0 (0%),0.0 (0%),0.0 (0%),0.0 (0%),0.0 (0%),0.0 (0%),62.0,"3,61"
UNIVERSIDADE DE BRASÍLIA,CAMPUS UNB GAMA: FACULDADE DE CIÊNCIAS E TECNOLOGIAS EM ENGENHARIA,FGA0315,QUALIDADE DE SOFTWARE 1,60,02,CONSOLIDADA,"53.0 (88,33%)",0.0 (0%),"2.0 (3,33%)",0.0 (0%),0.0 (0%),0.0 (0%),0.0 (0%),"4.0 (6,67%)",0.0 (0%),0.0 (0%),0.0 (0%),60.0,"3,72"
UNIVERSIDADE DE BRASÍLIA,CAMPUS UNB GAMA: FACULDADE DE CIÊNCIAS E TECNOLOGIAS EM ENGENHARIA,FGA0104,QUÍMICA ORGÂNICA APLICADA À ENGENHARIA,60,01,CONSOLIDADA,17.0 (68%),0.0 (0%),0.0 (0%),0.0 (0%),4.0 (16%),0.0 (0%),0.0 (0%),2.0 (8%),0.0 (0%),0.0 (0%),1.0 (4%),25.0,"3,24"
UNIVERSIDADE DE BRASÍLIA,CAMPUS UNB GAMA: FACULDADE DE CIÊNCIAS E TECNOLOGIAS EM ENGENHARIA,FGA0313,REQUISITOS DE SOFTWARE,60,01,CONSOLIDADA,"48.0 (97,96%)",0.0 (0%),"1.0 (2,04%)",0.0 (0%),0.0 (0%),0.0 (0%),0.0 (0%),0.0 (0%),0.0 (0%),0.0 (0%),0.0 (0%),49.0,"3,5"
UNIVERSIDADE DE BRASÍLIA,CAMPUS UNB GAMA: FACULDADE DE CIÊNCIAS E TECNOLOGIAS EM ENGENHARIA,FGA0313,REQUISITOS DE SOFTWARE,60,02,CONSOLIDADA,"39.0 (88,64%)",0.0 (0%),"2.0 (4,55%)",0.0 (0%),0.0 (0%),0.0 (0%),0.0 (0%),"1.0 (2,27%)",0.0 (0%),0.0 (0%),0.0 (0%),44.0,"3,46"
UNIVERSIDADE DE BRASÍLIA,CAMPUS UNB GAMA: FACULDADE DE CIÊNCIAS E TECNOLOGIAS EM ENGENHARIA,FGA0313,REQUISITOS DE SOFTWARE,60,03,CONSOLIDADA,"69.0 (98,57%)",0.0 (0%),0.0 (0%),0.0 (0%),0.0 (0%),0.0 (0%),0.0 (0%),"1.0 (1,43%)",0.0 (0%),0.0 (0%),0.0 (0%),70.0,"3,97"
UNIVERSIDADE DE BRASÍLIA,CAMPUS UNB GAMA: FACULDADE DE CIÊNCIAS E TECNOLOGIAS EM ENGENHARIA,FGA0233,SENSORES E TRANSDUTORES,60,01,CONSOLIDADA,"5.0 (71,43%)",0.0 (0%),"2.0 (28,57%)",0.0 (0%),0.0 (0%),0.0 (0%),0.0 (0%),0.0 (0%),0.0 (0%),0.0 (0%),0.0 (0%),7.0,"4,6"
UNIVERSIDADE DE BRASÍLIA,CAMPUS UNB GAMA: FACULDADE DE CIÊNCIAS E TECNOLOGIAS EM ENGENHARIA,FGA0102,SINAIS E SISTEMAS PARA ENGENHARIA,90,01,CONSOLIDADA,"2.0 (12,5%)",0.0 (0%),4.0 (25%),0.0 (0%),4.0 (25%),0.0 (0%),0.0 (0%),"5.0 (31,25%)",0.0 (0%),0.0 (0%),"1.0 (6,25%)",16.0,3
UNIVERSIDADE DE BRASÍLIA,CAMPUS UNB GAMA: FACULDADE DE CIÊNCIAS E TECNOLOGIAS EM ENGENHARIA,FGA0102,SINAIS E SISTEMAS PARA ENGENHARIA,90,02,CONSOLIDADA,"21.0 (58,33%)",0.0 (0%),"6.0 (16,67%)",0.0 (0%),"4.0 (11,11%)",0.0 (0%),0.0 (0%),"5.0 (13,89%)",0.0 (0%),0.0 (0%),0.0 (0%),36.0,"3,62"
UNIVERSIDADE DE BRASÍLIA,CAMPUS UNB GAMA: FACULDADE DE CIÊNCIAS E TECNOLOGIAS EM ENGENHARIA,FGA0008,SISTEMAS AEROESPACIAIS,60,01,CONSOLIDADA,"20.0 (66,67%)",0.0 (0%),6.0 (20%),0.0 (0%),0.0 (0%),0.0 (0%),0.0 (0%),"2.0 (6,67%)",0.0 (0%),0.0 (0%),"2.0 (6,67%)",30.0,"3,7"
UNIVERSIDADE DE BRASÍLIA,CAMPUS UNB GAMA: FACULDADE DE CIÊNCIAS E TECNOLOGIAS EM ENGENHARIA,FGA0167,SISTEMAS AUTOMOTIVOS,60,01,CONSOLIDADA,"24.0 (61,54%)",0.0 (0%),"6.0 (15,38%)",0.0 (0%),"3.0 (7,69%)",0.0 (0%),0.0 (0%),"4.0 (10,26%)",0.0 (0%),0.0 (0%),"2.0 (5,13%)",39.0,"3,38"
UNIVERSIDADE DE BRASÍLIA,CAMPUS UNB GAMA: FACULDADE DE CIÊNCIAS E TECNOLOGIAS EM ENGENHARIA,FGA0137,SISTEMAS DE BANCO DE DADOS 1,60,02,CONSOLIDADA,"64.0 (82,05%)",0.0 (0%),"5.0 (6,41%)",0.0 (0%),"4.0 (5,13%)",0.0 (0%),0.0 (0%),"5.0 (6,41%)",0.0 (0%),0.0 (0%),0.0 (0%),78.0,"3,53"
UNIVERSIDADE DE BRASÍLIA,CAMPUS UNB GAMA: FACULDADE DE CIÊNCIAS E TECNOLOGIAS EM ENGENHARIA,FGA0137,SISTEMAS DE BANCO DE DADOS 1,60,03,CONSOLIDADA,"39.0 (79,59%)",0.0 (0%),"2.0 (4,08%)",0.0 (0%),"3.0 (6,12%)",0.0 (0%),0.0 (0%),"4.0 (8,16%)",0.0 (0%),0.0 (0%),"1.0 (2,04%)",49.0,"3,46"
UNIVERSIDADE DE BRASÍLIA,CAMPUS UNB GAMA: FACULDADE DE CIÊNCIAS E TECNOLOGIAS EM ENGENHARIA,FGA0137,SISTEMAS DE BANCO DE DADOS 1,60,01,CONSOLIDADA,"71.0 (91,03%)",0.0 (0%),"1.0 (1,28%)",0.0 (0%),"3.0 (3,85%)",0.0 (0%),0.0 (0%),"3.0 (3,85%)",0.0 (0%),0.0 (0%),0.0 (0%),78.0,"3,76"
UNIVERSIDADE DE BRASÍLIA,CAMPUS UNB GAMA: FACULDADE DE CIÊNCIAS E TECNOLOGIAS EM ENGENHARIA,FGA0060,SISTEMAS DE BANCO DE DADOS 2,60,02,CONSOLIDADA,"39.0 (52,7%)",0.0 (0%),"15.0 (20,27%)",0.0 (0%),"5.0 (6,76%)",0.0 (0%),0.0 (0%),"14.0 (18,92%)",0.0 (0%),0.0 (0%),"1.0 (1,35%)",74.0,"3,85"
UNIVERSIDADE DE BRASÍLIA,CAMPUS UNB GAMA: FACULDADE DE CIÊNCIAS E TECNOLOGIAS EM ENGENHARIA,FGA0060,SISTEMAS DE BANCO DE DADOS 2,60,01,CONSOLIDADA,"16.0 (23,19%)",0.0 (0%),"18.0 (26,09%)",0.0 (0%),"9.0 (13,04%)",0.0 (0%),0.0 (0%),"23.0 (33,33%)",0.0 (0%),0.0 (0%),"1.0 (1,45%)",69.0,"3,62"
UNIVERSIDADE DE BRASÍLIA,CAMPUS UNB GAMA: FACULDADE DE CIÊNCIAS E TECNOLOGIAS EM ENGENHARIA,FGA0040,SISTEMAS DE CONTROLE AUTOMOTIVO,60,01,CONSOLIDADA,2.0 (40%),0.0 (0%),1.0 (20%),0.0 (0%),0.0 (0%),0.0 (0%),0.0 (0%),2.0 (40%),0.0 (0%),0.0 (0%),0.0 (0%),5.0,4
UNIVERSIDADE DE BRASÍLIA,CAMPUS UNB GAMA: FACULDADE DE CIÊNCIAS E TECNOLOGIAS EM ENGENHARIA,FGA0025,SISTEMAS DE ENERGIA SOLAR E EÓLICA,60,01,CONSOLIDADA,"5.0 (71,43%)",0.0 (0%),0.0 (0%),0.0 (0%),0.0 (0%),0.0 (0%),0.0 (0%),"2.0 (28,57%)",0.0 (0%),0.0 (0%),0.0 (0%),7.0,"3,8"
UNIVERSIDADE DE BRASÍLIA,CAMPUS UNB GAMA: FACULDADE DE CIÊNCIAS E TECNOLOGIAS EM ENGENHARIA,FGA0270,SISTEMAS HIDRÁULICOS E PNEUMÁTICOS,60,01,CONSOLIDADA,7.0 (100%),0.0 (0%),0.0 (0%),0.0 (0%),0.0 (0%),0.0 (0%),0.0 (0%),0.0 (0%),0.0 (0%),0.0 (0%),0.0 (0%),7.0,4
UNIVERSIDADE DE BRASÍLIA,CAMPUS UNB GAMA: FACULDADE DE CIÊNCIAS E TECNOLOGIAS EM ENGENHARIA,FGA0252,SISTEMAS HIDROELÉTRICOS,75,01,CONSOLIDADA,"10.0 (90,91%)",0.0 (0%),0.0 (0%),0.0 (0%),0.0 (0%),0.0 (0%),0.0 (0%),"1.0 (9,09%)",0.0 (0%),0.0 (0%),0.0 (0%),11.0,"3,4"
UNIVERSIDADE DE BRASÍLIA,CAMPUS UNB GAMA: FACULDADE DE CIÊNCIAS E TECNOLOGIAS EM ENGENHARIA,FGA0309,SISTEMAS OPERACIONAIS EMBARCADOS,90,01,CONSOLIDADA,"13.0 (81,25%)",0.0 (0%),0.0 (0%),0.0 (0%),0.0 (0%),0.0 (0%),0.0 (0%),"2.0 (12,5%)",0.0 (0%),0.0 (0%),0.0 (0%),16.0,"3,92"
UNIVERSIDADE DE BRASÍLIA,CAMPUS UNB GAMA: FACULDADE DE CIÊNCIAS E TECNOLOGIAS EM ENGENHARIA,FGA0242,TÉCNICAS DE PROGRAMAÇÃO EM PLATAFORMAS EMERGENTES,60,01,CONSOLIDADA,"66.0 (84,62%)",0.0 (0%),"7.0 (8,97%)",0.0 (0%),0.0 (0%),0.0 (0%),0.0 (0%),"4.0 (5,13%)",0.0 (0%),0.0 (0%),"1.0 (1,28%)",78.0,"3,58"
UNIVERSIDADE DE BRASÍLIA,CAMPUS UNB GAMA: FACULDADE DE CIÊNCIAS E TECNOLOGIAS EM ENGENHARIA,FGA0242,TÉCNICAS DE PROGRAMAÇÃO EM PLATAFORMAS EMERGENTES,60,02,CONSOLIDADA,"26.0 (96,3%)",0.0 (0%),"1.0 (3,7%)",0.0 (0%),0.0 (0%),0.0 (0%),0.0 (0%),0.0 (0%),0.0 (0%),0.0 (0%),0.0 (0%),27.0,"4,12"
UNIVERSIDADE DE BRASÍLIA,CAMPUS UNB GAMA: FACULDADE DE CIÊNCIAS E TECNOLOGIAS EM ENGENHARIA,FGA0242,TÉCNICAS DE PROGRAMAÇÃO EM PLATAFORMAS EMERGENTES,60,03,CONSOLIDADA,"18.0 (85,71%)",0.0 (0%),"2.0 (9,52%)",0.0 (0%),0.0 (0%),0.0 (0%),0.0 (0%),0.0 (0%),0.0 (0%),0.0 (0%),0.0 (0%),21.0,"4,39"
UNIVERSIDADE DE BRASÍLIA,CAMPUS UNB GAMA: FACULDADE DE CIÊNCIAS E TECNOLOGIAS EM ENGENHARIA,FGA0055,TECNOLOGIAS DE FABRICAÇÃO 1,60,01,CONSOLIDADA,"19.0 (86,36%)",0.0 (0%),"2.0 (9,09%)",0.0 (0%),0.0 (0%),0.0 (0%),0.0 (0%),0.0 (0%),0.0 (0%),0.0 (0%),"1.0 (4,55%)",22.0,"3,68"
UNIVERSIDADE DE BRASÍLIA,CAMPUS UNB GAMA: FACULDADE DE CIÊNCIAS E TECNOLOGIAS EM ENGENHARIA,FGA0056,TECNOLOGIAS DE FABRICAÇÃO 2,60,01,CONSOLIDADA,"5.0 (45,45%)",0.0 (0%),"4.0 (36,36%)",0.0 (0%),0.0 (0%),0.0 (0%),0.0 (0%),"2.0 (18,18%)",0.0 (0%),0.0 (0%),0.0 (0%),11.0,"3,6"
UNIVERSIDADE DE BRASÍLIA,CAMPUS UNB GAMA: FACULDADE DE CIÊNCIAS E TECNOLOGIAS EM ENGENHARIA,FGA0067,TEORIA DE CIRCUITOS ELETRÔNICOS 1,60,02,CONSOLIDADA,"5.0 (17,24%)",0.0 (0%),"13.0 (44,83%)",0.0 (0%),"6.0 (20,69%)",0.0 (0%),0.0 (0%),"1.0 (3,45%)",0.0 (0%),0.0 (0%),"3.0 (10,34%)",29.0,"3,4"
UNIVERSIDADE DE BRASÍLIA,CAMPUS UNB GAMA: FACULDADE DE CIÊNCIAS E TECNOLOGIAS EM ENGENHARIA,FGA0067,TEORIA DE CIRCUITOS ELETRÔNICOS 1,60,03,CONSOLIDADA,"25.0 (37,31%)",0.0 (0%),"18.0 (26,87%)",0.0 (0%),"6.0 (8,96%)",0.0 (0%),0.0 (0%),"16.0 (23,88%)",0.0 (0%),0.0 (0%),"2.0 (2,99%)",67.0,"3,4"
UNIVERSIDADE DE BRASÍLIA,CAMPUS UNB GAMA: FACULDADE DE CIÊNCIAS E TECNOLOGIAS EM ENGENHARIA,FGA0068,TEORIA DE CIRCUITOS ELETRÔNICOS 2,60,01,CONSOLIDADA,"9.0 (52,94%)",0.0 (0%),"6.0 (35,29%)",0.0 (0%),"2.0 (11,76%)",0.0 (0%),0.0 (0%),0.0 (0%),0.0 (0%),0.0 (0%),0.0 (0%),17.0,"3,33"
UNIVERSIDADE DE BRASÍLIA,CAMPUS UNB GAMA: FACULDADE DE CIÊNCIAS E TECNOLOGIAS EM ENGENHARIA,FGA0099,TEORIA DE CIRCUITOS ELETRÔNICOS 3,60,01,CONSOLIDADA,"7.0 (87,5%)",0.0 (0%),0.0 (0%),0.0 (0%),0.0 (0%),0.0 (0%),0.0 (0%),0.0 (0%),0.0 (0%),0.0 (0%),"1.0 (12,5%)",8.0,4
UNIVERSIDADE DE BRASÍLIA,CAMPUS UNB GAMA: FACULDADE DE CIÊNCIAS E TECNOLOGIAS EM ENGENHARIA,FGA0086,TEORIA DE ELETRICIDADE APLICADA,60,01,CONSOLIDADA,"32.0 (72,73%)",0.0 (0%),"6.0 (13,64%)",0.0 (0%),0.0 (0%),0.0 (0%),0.0 (0%),"4.0 (9,09%)",0.0 (0%),0.0 (0%),"2.0 (4,55%)",44.0,"3,22"
UNIVERSIDADE DE BRASÍLIA,CAMPUS UNB GAMA: FACULDADE DE CIÊNCIAS E TECNOLOGIAS EM ENGENHARIA,FGA0086,TEORIA DE ELETRICIDADE APLICADA,60,02,CONSOLIDADA,"15.0 (57,69%)",0.0 (0%),"4.0 (15,38%)",0.0 (0%),"3.0 (11,54%)",0.0 (0%),0.0 (0%),"3.0 (11,54%)",0.0 (0%),0.0 (0%),"1.0 (3,85%)",26.0,"3,27"
UNIVERSIDADE DE BRASÍLIA,CAMPUS UNB GAMA: FACULDADE DE CIÊNCIAS E TECNOLOGIAS EM ENGENHARIA,FGA0119,TEORIA DE ELETROMAGNETISMO,60,01,CONSOLIDADA,"22.0 (91,67%)",0.0 (0%),0.0 (0%),0.0 (0%),0.0 (0%),0.0 (0%),0.0 (0%),"1.0 (4,17%)",0.0 (0%),0.0 (0%),"1.0 (4,17%)",24.0,"4,36"
UNIVERSIDADE DE BRASÍLIA,CAMPUS UNB GAMA: FACULDADE DE CIÊNCIAS E TECNOLOGIAS EM ENGENHARIA,FGA0119,TEORIA DE ELETROMAGNETISMO,60,02,CONSOLIDADA,21.0 (84%),0.0 (0%),1.0 (4%),0.0 (0%),2.0 (8%),0.0 (0%),0.0 (0%),1.0 (4%),0.0 (0%),0.0 (0%),0.0 (0%),25.0,"4,1"
UNIVERSIDADE DE BRASÍLIA,CAMPUS UNB GAMA: FACULDADE DE CIÊNCIAS E TECNOLOGIAS EM ENGENHARIA,FGA0073,TEORIA DE ELETRÔNICA DIGITAL 1,60,03,CONSOLIDADA,"16.0 (51,61%)",0.0 (0%),"2.0 (6,45%)",0.0 (0%),"5.0 (16,13%)",0.0 (0%),0.0 (0%),"5.0 (16,13%)",0.0 (0%),0.0 (0%),"1.0 (3,23%)",31.0,3
UNIVERSIDADE DE BRASÍLIA,CAMPUS UNB GAMA: FACULDADE DE CIÊNCIAS E TECNOLOGIAS EM ENGENHARIA,FGA0073,TEORIA DE ELETRÔNICA DIGITAL 1,60,01,CONSOLIDADA,"50.0 (59,52%)",0.0 (0%),"24.0 (28,57%)",0.0 (0%),"4.0 (4,76%)",0.0 (0%),0.0 (0%),0.0 (0%),0.0 (0%),0.0 (0%),"3.0 (3,57%)",84.0,"3,66"
UNIVERSIDADE DE BRASÍLIA,CAMPUS UNB GAMA: FACULDADE DE CIÊNCIAS E TECNOLOGIAS EM ENGENHARIA,FGA0073,TEORIA DE ELETRÔNICA DIGITAL 1,60,02,CONSOLIDADA,"56.0 (68,29%)",0.0 (0%),"11.0 (13,41%)",0.0 (0%),"6.0 (7,32%)",0.0 (0%),0.0 (0%),"3.0 (3,66%)",0.0 (0%),0.0 (0%),"5.0 (6,1%)",82.0,"3,95"
UNIVERSIDADE DE BRASÍLIA,CAMPUS UNB GAMA: FACULDADE DE CIÊNCIAS E TECNOLOGIAS EM ENGENHARIA,FGA0074,TEORIA DE ELETRÔNICA DIGITAL 2,60,01,CONSOLIDADA,"12.0 (66,67%)",0.0 (0%),0.0 (0%),0.0 (0%),"5.0 (27,78%)",0.0 (0%),0.0 (0%),"1.0 (5,56%)",0.0 (0%),0.0 (0%),0.0 (0%),18.0,"3,33"
UNIVERSIDADE DE BRASÍLIA,CAMPUS UNB GAMA: FACULDADE DE CIÊNCIAS E TECNOLOGIAS EM ENGENHARIA,FGA0101,TEORIA DE FÍSICA DOS DISPOSITIVOS ELETRÔNICOS,60,01,CONSOLIDADA,"16.0 (76,19%)",0.0 (0%),"2.0 (9,52%)",0.0 (0%),"1.0 (4,76%)",0.0 (0%),0.0 (0%),"1.0 (4,76%)",0.0 (0%),0.0 (0%),"1.0 (4,76%)",21.0,"4,06"
UNIVERSIDADE DE BRASÍLIA,CAMPUS UNB GAMA: FACULDADE DE CIÊNCIAS E TECNOLOGIAS EM ENGENHARIA,FGA0078,TEORIA DE MATERIAIS DE CONSTRUÇÃO,45,01,CONSOLIDADA,"34.0 (56,67%)",0.0 (0%),12.0 (20%),0.0 (0%),"4.0 (6,67%)",0.0 (0%),0.0 (0%),"8.0 (13,33%)",0.0 (0%),0.0 (0%),"2.0 (3,33%)",60.0,"3,12"
UNIVERSIDADE DE BRASÍLIA,CAMPUS UNB GAMA: FACULDADE DE CIÊNCIAS E TECNOLOGIAS EM ENGENHARIA,FGA0078,TEORIA DE MATERIAIS DE CONSTRUÇÃO,45,02,CONSOLIDADA,"7.0 (26,92%)",0.0 (0%),"7.0 (26,92%)",0.0 (0%),"5.0 (19,23%)",0.0 (0%),0.0 (0%),"5.0 (19,23%)",0.0 (0%),0.0 (0%),"1.0 (3,85%)",26.0,"3,43"
UNIVERSIDADE DE BRASÍLIA,CAMPUS UNB GAMA: FACULDADE DE CIÊNCIAS E TECNOLOGIAS EM ENGENHARIA,FGA0088,TEORIA DE SISTEMAS DE CONVERSÃO DE ENERGIA,60,01,CONSOLIDADA,"7.0 (87,5%)",0.0 (0%),0.0 (0%),0.0 (0%),0.0 (0%),0.0 (0%),0.0 (0%),0.0 (0%),"1.0 (12,5%)",0.0 (0%),0.0 (0%),8.0,"3,57"
UNIVERSIDADE DE BRASÍLIA,CAMPUS UNB GAMA: FACULDADE DE CIÊNCIAS E TECNOLOGIAS EM ENGENHARIA,FGA0314,TESTES DE SOFTWARE,60,01,CONSOLIDADA,"68.0 (88,31%)",0.0 (0%),0.0 (0%),0.0 (0%),"1.0 (1,3%)",0.0 (0%),0.0 (0%),"7.0 (9,09%)",0.0 (0%),0.0 (0%),0.0 (0%),77.0,"4,21"
UNIVERSIDADE DE BRASÍLIA,CAMPUS UNB GAMA: FACULDADE DE CIÊNCIAS E TECNOLOGIAS EM ENGENHARIA,FGA0314,TESTES DE SOFTWARE,60,02,CONSOLIDADA,"73.0 (90,12%)",0.0 (0%),0.0 (0%),0.0 (0%),"2.0 (2,47%)",0.0 (0%),0.0 (0%),"5.0 (6,17%)",0.0 (0%),0.0 (0%),0.0 (0%),81.0,"4,12"
UNIVERSIDADE DE BRASÍLIA,CAMPUS UNB GAMA: FACULDADE DE CIÊNCIAS E TECNOLOGIAS EM ENGENHARIA,FGA0105,TÓPICOS ESPECIAIS 2 EM ENGENHARIA AEROESPACIAL,60,01,CONSOLIDADA,5.0 (50%),0.0 (0%),0.0 (0%),0.0 (0%),0.0 (0%),0.0 (0%),0.0 (0%),5.0 (50%),0.0 (0%),0.0 (0%),0.0 (0%),10.0,"3,4"
UNIVERSIDADE DE BRASÍLIA,CAMPUS UNB GAMA: FACULDADE DE CIÊNCIAS E TECNOLOGIAS EM ENGENHARIA,FGA0105,TÓPICOS ESPECIAIS 2 EM ENGENHARIA AEROESPACIAL,60,02,CONSOLIDADA,"19.0 (73,08%)",0.0 (0%),"2.0 (7,69%)",0.0 (0%),"1.0 (3,85%)",0.0 (0%),0.0 (0%),"4.0 (15,38%)",0.0 (0%),0.0 (0%),0.0 (0%),26.0,"3,63"
UNIVERSIDADE DE BRASÍLIA,CAMPUS UNB GAMA: FACULDADE DE CIÊNCIAS E TECNOLOGIAS EM ENGENHARIA,FGA0106,TÓPICOS ESPECIAIS 3 EM ENGENHARIA AEROESPACIAL,60,01,CONSOLIDADA,"10.0 (52,63%)",0.0 (0%),"2.0 (10,53%)",0.0 (0%),0.0 (0%),0.0 (0%),0.0 (0%),"6.0 (31,58%)",0.0 (0%),0.0 (0%),0.0 (0%),19.0,"4,5"
UNIVERSIDADE DE BRASÍLIA,CAMPUS UNB GAMA: FACULDADE DE CIÊNCIAS E TECNOLOGIAS EM ENGENHARIA,FGA0106,TÓPICOS ESPECIAIS 3 EM ENGENHARIA AEROESPACIAL,60,02,CONSOLIDADA,"8.0 (61,54%)",0.0 (0%),"2.0 (15,38%)",0.0 (0%),0.0 (0%),0.0 (0%),0.0 (0%),"1.0 (7,69%)",0.0 (0%),0.0 (0%),"2.0 (15,38%)",13.0,4
UNIVERSIDADE DE BRASÍLIA,CAMPUS UNB GAMA: FACULDADE DE CIÊNCIAS E TECNOLOGIAS EM ENGENHARIA,FGA0121,TÓPICOS ESPECIAIS 4 EM ENGENHARIA AEROESPACIAL,60,01,CONSOLIDADA,"41.0 (91,11%)",0.0 (0%),0.0 (0%),0.0 (0%),"1.0 (2,22%)",0.0 (0%),0.0 (0%),"3.0 (6,67%)",0.0 (0%),0.0 (0%),0.0 (0%),45.0,"3,93"
UNIVERSIDADE DE BRASÍLIA,CAMPUS UNB GAMA: FACULDADE DE CIÊNCIAS E TECNOLOGIAS EM ENGENHARIA,FGA0261,TÓPICOS ESPECIAIS EM ELETRONICA,60,05,CONSOLIDADA,6.0 (100%),0.0 (0%),0.0 (0%),0.0 (0%),0.0 (0%),0.0 (0%),0.0 (0%),0.0 (0%),0.0 (0%),0.0 (0%),0.0 (0%),6.0,"4,33"
UNIVERSIDADE DE BRASÍLIA,CAMPUS UNB GAMA: FACULDADE DE CIÊNCIAS E TECNOLOGIAS EM ENGENHARIA,FGA0261,TÓPICOS ESPECIAIS EM ELETRONICA,60,02,CONSOLIDADA,"10.0 (52,63%)",0.0 (0%),"1.0 (5,26%)",0.0 (0%),0.0 (0%),0.0 (0%),0.0 (0%),"5.0 (26,32%)",0.0 (0%),0.0 (0%),"2.0 (10,53%)",19.0,"3,8"
UNIVERSIDADE DE BRASÍLIA,CAMPUS UNB GAMA: FACULDADE DE CIÊNCIAS E TECNOLOGIAS EM ENGENHARIA,FGA0261,TÓPICOS ESPECIAIS EM ELETRONICA,60,01,CONSOLIDADA,17.0 (85%),0.0 (0%),1.0 (5%),0.0 (0%),1.0 (5%),0.0 (0%),0.0 (0%),1.0 (5%),0.0 (0%),0.0 (0%),0.0 (0%),20.0,"4,82"
UNIVERSIDADE DE BRASÍLIA,CAMPUS UNB GAMA: FACULDADE DE CIÊNCIAS E TECNOLOGIAS EM ENGENHARIA,FGA0261,TÓPICOS ESPECIAIS EM ELETRONICA,60,03,CONSOLIDADA,"6.0 (54,55%)",0.0 (0%),"2.0 (18,18%)",0.0 (0%),"1.0 (9,09%)",0.0 (0%),0.0 (0%),"2.0 (18,18%)",0.0 (0%),0.0 (0%),0.0 (0%),11.0,"3,83"
UNIVERSIDADE DE BRASÍLIA,CAMPUS UNB GAMA: FACULDADE DE CIÊNCIAS E TECNOLOGIAS EM ENGENHARIA,FGA0261,TÓPICOS ESPECIAIS EM ELETRONICA,60,04,CONSOLIDADA,3.0 (50%),0.0 (0%),0.0 (0%),0.0 (0%),0.0 (0%),0.0 (0%),0.0 (0%),3.0 (50%),0.0 (0%),0.0 (0%),0.0 (0%),6.0,"4,33"
UNIVERSIDADE DE BRASÍLIA,CAMPUS UNB GAMA: FACULDADE DE CIÊNCIAS E TECNOLOGIAS EM ENGENHARIA,FGA0261,TÓPICOS ESPECIAIS EM ELETRONICA,60,06,CONSOLIDADA,"16.0 (88,89%)",0.0 (0%),0.0 (0%),0.0 (0%),0.0 (0%),0.0 (0%),0.0 (0%),"2.0 (11,11%)",0.0 (0%),0.0 (0%),0.0 (0%),18.0,"4,5"
UNIVERSIDADE DE BRASÍLIA,CAMPUS UNB GAMA: FACULDADE DE CIÊNCIAS E TECNOLOGIAS EM ENGENHARIA,FGA0261,TÓPICOS ESPECIAIS EM ELETRONICA,60,07,CONSOLIDADA,9.0 (75%),0.0 (0%),0.0 (0%),0.0 (0%),0.0 (0%),0.0 (0%),0.0 (0%),3.0 (25%),0.0 (0%),0.0 (0%),0.0 (0%),12.0,"4,78"
UNIVERSIDADE DE BRASÍLIA,CAMPUS UNB GAMA: FACULDADE DE CIÊNCIAS E TECNOLOGIAS EM ENGENHARIA,FGA0037,TÓPICOS ESPECIAIS EM ENGENHARIA AEROESPACIAL,60,02,CONSOLIDADA,"8.0 (53,33%)",0.0 (0%),"2.0 (13,33%)",0.0 (0%),0.0 (0%),0.0 (0%),0.0 (0%),"4.0 (26,67%)",0.0 (0%),0.0 (0%),"1.0 (6,67%)",15.0,"4,38"
UNIVERSIDADE DE BRASÍLIA,CAMPUS UNB GAMA: FACULDADE DE CIÊNCIAS E TECNOLOGIAS EM ENGENHARIA,FGA0037,TÓPICOS ESPECIAIS EM ENGENHARIA AEROESPACIAL,60,01,CONSOLIDADA,"14.0 (60,87%)",0.0 (0%),"1.0 (4,35%)",0.0 (0%),"1.0 (4,35%)",0.0 (0%),0.0 (0%),"5.0 (21,74%)",0.0 (0%),0.0 (0%),"1.0 (4,35%)",23.0,"4,14"
UNIVERSIDADE DE BRASÍLIA,CAMPUS UNB GAMA: FACULDADE DE CIÊNCIAS E TECNOLOGIAS EM ENGENHARIA,FGA0214,TÓPICOS ESPECIAIS EM ENGENHARIA AUTOMOTIVA,60,02,CONSOLIDADA,6.0 (40%),0.0 (0%),0.0 (0%),0.0 (0%),3.0 (20%),0.0 (0%),0.0 (0%),6.0 (40%),0.0 (0%),0.0 (0%),0.0 (0%),15.0,"3,83"
UNIVERSIDADE DE BRASÍLIA,CAMPUS UNB GAMA: FACULDADE DE CIÊNCIAS E TECNOLOGIAS EM ENGENHARIA,FGA0214,TÓPICOS ESPECIAIS EM ENGENHARIA AUTOMOTIVA,60,01,CONSOLIDADA,"5.0 (38,46%)",0.0 (0%),0.0 (0%),0.0 (0%),"3.0 (23,08%)",0.0 (0%),0.0 (0%),"3.0 (23,08%)",0.0 (0%),0.0 (0%),"2.0 (15,38%)",13.0,"4,4"
UNIVERSIDADE DE BRASÍLIA,CAMPUS UNB GAMA: FACULDADE DE CIÊNCIAS E TECNOLOGIAS EM ENGENHARIA,FGA0054,TÓPICOS ESPECIAIS EM GOVERNANÇA DE TECNOLOGIA DA INFORMAÇÃO,60,01,CONSOLIDADA,"33.0 (94,29%)",0.0 (0%),0.0 (0%),0.0 (0%),0.0 (0%),0.0 (0%),0.0 (0%),"1.0 (2,86%)",0.0 (0%),0.0 (0%),0.0 (0%),35.0,"4,76"
UNIVERSIDADE DE BRASÍLIA,CAMPUS UNB GAMA: FACULDADE DE CIÊNCIAS E TECNOLOGIAS EM ENGENHARIA,FGA0053,TÓPICOS ESPECIAIS EM PROGRAMAÇÃO,60,01,CONSOLIDADA,"18.0 (51,43%)",0.0 (0%),0.0 (0%),0.0 (0%),"3.0 (8,57%)",0.0 (0%),0.0 (0%),"13.0 (37,14%)",0.0 (0%),0.0 (0%),"1.0 (2,86%)",35.0,"4,61"
UNIVERSIDADE DE BRASÍLIA,CAMPUS UNB GAMA: FACULDADE DE CIÊNCIAS E TECNOLOGIAS EM ENGENHARIA,FGA0262,TRANSMISSÃO E DISTRIBUIÇÃO DE ENERGIA ELÉTRICA,75,01,CONSOLIDADA,6.0 (100%),0.0 (0%),0.0 (0%),0.0 (0%),0.0 (0%),0.0 (0%),0.0 (0%),0.0 (0%),0.0 (0%),0.0 (0%),0.0 (0%),6.0,"4,17"